venueid|name|gcate|mcate
1052|วัดพระศรีรัตนศาสดาราม (วัดพระแก้ว)|วัด|สถานที่เกี่ยวกับศาสนา
27502|สถานที่ตรัสรู้|วัด|สถานที่เกี่ยวกับศาสนา
54542|วัดนาหลวง (วัดอภิญญาเทสิตธรรม)|วัด|สถานที่เกี่ยวกับศาสนา
246|วัดราชบพิธสถิตมหาสีมารามราชวรวิหาร|other|สถานที่เกี่ยวกับศาสนา
4603|ถ้ำนาคี นครพนม(Nakee Cave)|สถานที่ท่องเที่ยว|ธรรมชาติและสถานที่สวยงาม
3025|ศูนย์ปฏิบัติธรรมสวนเวฬุวัน|วัด|สถานที่เกี่ยวกับศาสนา
1051|พระบรมมหาราชวัง|other|แลนด์มาร์กและอนุสรณ์สถาน
8810|วัดพระเชตุพนวิมลมังคลาราม (วัดโพธิ์)|วัด|สถานที่เกี่ยวกับศาสนา
22940|โรงแรมแมนดาริน โอเรียนเต็ล กรุงเทพ|other|other
34189|พระธาตุไจที่โย่|other|สถานที่เกี่ยวกับศาสนา
3742|วัดพุทธนิมิตร (วัดภูค่าว)|วัด|สถานที่เกี่ยวกับศาสนา
396|วัดพระธาตุพนมวรมหาวิหาร|วัด|สถานที่เกี่ยวกับศาสนา
20022|เจดีย์ชเวดากอง|เจดีย์|สถานที่เกี่ยวกับศาสนา
4600|ศาลปู่อือลือนาคราช|สถานที่ประกอบพิธีกรรมทางศาสนา|สถานที่เกี่ยวกับศาสนา
8828|สวนโมกข์กรุงเทพ|องค์กรไม่แสวงผลกำไร|ตลาดแหล่งชุมชน
45856|วัดศรีสวาย|สถานที่สำคัญทางประวัติศาสตร์|สถานที่เกี่ยวกับศาสนา
54814|วัดเขาถ้ำบุญนาค|วัด|สถานที่เกี่ยวกับศาสนา
5980|ยอดภูทอก|other|ธรรมชาติและสถานที่สวยงาม
315|วัดพระธาตุดอยสุเทพราชวรวิหาร|วัด|สถานที่เกี่ยวกับศาสนา
6061|วัดป่าบ้านตาด (วัดเกษรศีลคุณ) หลวงตามหาบัว|วัด|สถานที่เกี่ยวกับศาสนา
4234|วัดผาลาด (สกิทาคามี)|วัด|สถานที่เกี่ยวกับศาสนา
9955|พิพิธภัณฑ์ศิลปะไทยร่วมสมัย|พิพิธภัณฑ์ศิลปะ|พิพิธภัณฑ์
26184|พิพิธภัณฑ์พระราม ๙|other|พิพิธภัณฑ์
3918|วัดพระธาตุดอยตุง|วัด|สถานที่เกี่ยวกับศาสนา
18212|ศาลเจ้าพ่อเขาล้อมหมวก|ศูนย์จิตวิญญาณ|สถานที่เกี่ยวกับศาสนา
45948|บูรพาจารย์เจดีย์ วัดป่าสาลวัน|พิพิธภัณฑ์|พิพิธภัณฑ์
27504|สถานที่แสดงปฐมเทศนา สารนาถ|other|สถานที่เกี่ยวกับศาสนา
95997|Chapel Bridge|other|แลนด์มาร์กและอนุสรณ์สถาน
16937|วัดปทุมวนาราม ราชวรวิหาร|วัด|สถานที่เกี่ยวกับศาสนา
2052|พระพุทธชินราช|other|สถานที่เกี่ยวกับศาสนา
14772|ศาลหลักเมืองกรุงเทพมหานคร|ศาลหลักเมือง|แลนด์มาร์กและอนุสรณ์สถาน
36196|นครวัด|วัด|สถานที่เกี่ยวกับศาสนา
44412|วัดสวนโมกขพลาราม|วัด|สถานที่เกี่ยวกับศาสนา
3541|วัดพระศรีรัตนมหาธาตุวรมหาวิหาร(วัดใหญ่)|วัด|สถานที่เกี่ยวกับศาสนา
38573|โรงพยาบาลกรุงเทพ|other|other
5629|ศูนย์บริการโลหิตแห่งชาติ สภากาชาดไทย|ศูนย์รับบริจาคโลหิต|other
2521|พระธาตุนคร|other|สถานที่เกี่ยวกับศาสนา
7989|วัดดอนธาตุ|วัด|สถานที่เกี่ยวกับศาสนา
24439|Tian Tan Buddha|อนุสาวรีย์|แลนด์มาร์กและอนุสรณ์สถาน
2529|หินสามวาฬ|other|ธรรมชาติและสถานที่สวยงาม
3548|วัดเด่นสะหลีศรีเมืองแกน (วัดบ้านเด่น)​|วัด|สถานที่เกี่ยวกับศาสนา
14660|วัดฝอกวงซัน|องค์กรทางศาสนา|สถานที่เกี่ยวกับศาสนา
94028|วัดป่าแก้งใหม่|วัด|สถานที่เกี่ยวกับศาสนา
12232|Issan Rum Distillery|other|other
13980|Nui motorcycle and bicycle for rent (รถจักรยานยนต์ และ จักรยานสำหรับเช่า)|ร้านเช่ารถจักรยานยนต์|other
39401|วัดราชสิทธารามราชวรวิหาร (วัดพลับ)|วัด|สถานที่เกี่ยวกับศาสนา
10776|วัดปัญญานันทาราม|วัด|สถานที่เกี่ยวกับศาสนา
22628|วัดหนองป่าพง (หลวงปู่ชา)|other|สถานที่เกี่ยวกับศาสนา
2528|วัดภูทอก|other|สถานที่เกี่ยวกับศาสนา
30331|วัดมหาธาตุ สุโขทัย|สถานที่สำคัญทางประวัติศาสตร์|สถานที่เกี่ยวกับศาสนา
4861|อาคารพิพิธภัณฑ์อัฐบริขารหลวงตามหาบัว ญาณสัมปันโน|พิพิธภัณฑ์|พิพิธภัณฑ์
22910|อ่าวมาหยา|อ่าว|ธรรมชาติและสถานที่สวยงาม
37530|ดิ เอมเมอรัลด์ โคฟ เกาะช้าง|other|other
3870|อุทยานแห่งชาติภูกระดึง|อุทยานแห่งชาติ|ธรรมชาติและสถานที่สวยงาม
21941|นองปิง 360|สถานีกระเช้าลอยฟ้า|แลนด์มาร์กและอนุสรณ์สถาน
32165|เดอะเวเนเชี่ยนมาเก๊า|other|ตลาดแหล่งชุมชน
2978|พระสุธรรมะเจดีย์ (หลวงปู่เหรียญ)|เจดีย์|สถานที่เกี่ยวกับศาสนา
13350|จุดชมวิวภูทับเบิก|สถานที่ท่องเที่ยว|ธรรมชาติและสถานที่สวยงาม
19344|พิพิธภัณฑสถานแห่งชาติพระนคร|พิพิธภัณฑ์|พิพิธภัณฑ์
9876|วัดหนองแวง (พระอารามหลวง) ขอนแก่น|other|สถานที่เกี่ยวกับศาสนา
738|วัดจันทาราม(ท่าซุง)|วัด|สถานที่เกี่ยวกับศาสนา
4700|วัดโสธรวรารามวรวิหาร|other|สถานที่เกี่ยวกับศาสนา
6049|วัดพระพุทธบาทสี่รอย|other|สถานที่เกี่ยวกับศาสนา
14730|วัด​ราชนัดดารามวรวิหาร​ (โลหะปราสาท)|วัด|สถานที่เกี่ยวกับศาสนา
8296|กรมหลวงประจักษ์|other|แลนด์มาร์กและอนุสรณ์สถาน
7795|วัดป่าวิเวกธรรม(เหล่างา) หลวงปู่บุญเพ็ง|วัด|สถานที่เกี่ยวกับศาสนา
13788|วัดบวรนิเวศราชวรวิหาร|วัด|สถานที่เกี่ยวกับศาสนา
28275|หมอกริมโขงรีสอร์ท|รีสอร์ท|other
50923|โรงแรมสยามเคมปินสกี้กรุงเทพ|other|other
3897|Phu Kradueng|other|ธรรมชาติและสถานที่สวยงาม
38733|ศาลเจ้าแม่กวนอิมพันมือ อ่างศิลา ชลบุรี|สถานที่ประกอบพิธีกรรมทางศาสนา|สถานที่เกี่ยวกับศาสนา
42359|ลานเบิ่งเวียง|จุดชมวิว|แลนด์มาร์กและอนุสรณ์สถาน
14964|หินช้างสี|จุดชมวิว|แลนด์มาร์กและอนุสรณ์สถาน
25558|เขาหงอนนาค|สถานที่ท่องเที่ยว|ธรรมชาติและสถานที่สวยงาม
24537|B-STORY|other|other
177238|Indomaret|other|ตลาดแหล่งชุมชน
112853|Carlton Hotel Bangkok Sukhumvit|other|other
38661|วัดปิปผลิวนาราม|วัด|สถานที่เกี่ยวกับศาสนา
101928|โตเกียว ดิสนีย์ รีสอร์ท|other|other
304|วัดพระธาตุหริภุญชัย วรมหาวิหาร|วัด|สถานที่เกี่ยวกับศาสนา
289|วัดเขาบรรจบ|วัด|สถานที่เกี่ยวกับศาสนา
23391|วัดป่าภูริทัตตถิราวาส|สถานที่ประกอบพิธีกรรมทางศาสนา|สถานที่เกี่ยวกับศาสนา
4604|ถ้ำนาคา บึงกาฬ|สถานที่ท่องเที่ยว|ธรรมชาติและสถานที่สวยงาม
11437|วัดท่าสองคร|วัด|สถานที่เกี่ยวกับศาสนา
6156|หอโหวด 101|สถานที่ท่องเที่ยว|ธรรมชาติและสถานที่สวยงาม
34388|วัดไทร|other|สถานที่เกี่ยวกับศาสนา
13789|วัดราชาธิวาสวิหาร|วัด|สถานที่เกี่ยวกับศาสนา
9460|ท่าอากาศยานนานาชาติฮ่องกง|สนามบิน|ตลาดแหล่งชุมชน
1058|วัดไชโยวรวิหาร|other|สถานที่เกี่ยวกับศาสนา
2168|วัดพนัญเชิงวรวิหาร|วัด|สถานที่เกี่ยวกับศาสนา
2227|พระมหาธาตุเจดีย์ภักดีประกาศ|วัด|สถานที่เกี่ยวกับศาสนา
561|อนุสาวรีย์พญามังรายมหาราช|สถานที่สำคัญทางประวัติศาสตร์|สถานที่เกี่ยวกับศาสนา
29451|จันทร์ เดอ คาเฟ่|ร้านอาหาร|ตลาดแหล่งชุมชน
8715|วัดคิงกะกุ|other|สถานที่เกี่ยวกับศาสนา
3810|ฐานปฏิบัติการทหารดอยช้างมูบ|สถานที่ท่องเที่ยว|ธรรมชาติและสถานที่สวยงาม
20034|Buddha Tooth Relic Temple|วัด|สถานที่เกี่ยวกับศาสนา
54255|วัดหลวงขุนวิน|วัด|สถานที่เกี่ยวกับศาสนา
68274|ตลาดสดแวงใหญ่|ซูเปอร์มาร์เก็ต|ตลาดแหล่งชุมชน
51604|วัดเกยไชยเหนือ (วัดพระบรมธาตุ)|วัด|สถานที่เกี่ยวกับศาสนา
54861|พระราชวังเดิม (พระราชวังกรุงธนบุรี)|สถานที่สำคัญทางประวัติศาสตร์|สถานที่เกี่ยวกับศาสนา
24411|LE JaoJom Café Bistro​ & Bar|ร้านกาแฟ|ตลาดแหล่งชุมชน
15506|สระมุจลินท์ (บ่อน้ำศักดิ์สิทธิ์)|เทวสถาน|สถานที่เกี่ยวกับศาสนา
115472|เรเนซองส์ ภูเก็ต รีสอร์ท แอนด์ สปา|other|other
8859|ศรีตราด|ภัตตาคารอาหารไทย|other
37341|วัดถ้ำฮ้าน|วัด|สถานที่เกี่ยวกับศาสนา
86455|พระธาตุดอยพระฌาน at แม่ทะ ลำปาง|other|สถานที่เกี่ยวกับศาสนา
18609|โรงแรมชมเดือนภูเก้ารีสอร์ท|other|other
63892|วัดคุณาราม (พระวิหารหลวงพ่อแเดง)|วัด|สถานที่เกี่ยวกับศาสนา
90092|บ้านสวนมาสสาจ Baan Suan Massage (Nongkhai)|นวดแผนไทย|ตลาดแหล่งชุมชน
69207|Cha Rhoo ชานมไข่มุก|ชาไข่มุก|other
847|GONG VALLEY ECO FRIENDLY|ที่พักแรมในอาคาร|other
29182|ลานอุทยานราชภักดิ์|other|แลนด์มาร์กและอนุสรณ์สถาน
3039|อร่อยเลย ร้านก๋วยเตี๋ยวเป็ดตุ๋น เรียม อำเภอภูกระดึง จังหวัดเลย|ร้านอาหารพร้อมรับประทาน|other
24866|วัดพะโคะ (หลวงปู่ทวดเหยียบน้ำทะเลจืด) อ.สทิงพระ สงขลา|วัด|สถานที่เกี่ยวกับศาสนา
11286|วัดช้างให้ราษฎร์บูรณาราม หลวงปู่ทวด ๑ หมู่ ๒ ต.ควนโนรี อ.โคกโพธิ์ จ.ปัตตานี ๙๔๑๘๐|สถานที่ประกอบพิธีกรรมทางศาสนา|สถานที่เกี่ยวกับศาสนา
21901|วัดกัสปมธุโรม บ้านถ่อน-หนองกก|วัด|สถานที่เกี่ยวกับศาสนา
17442|วัดพระญาติการาม|other|สถานที่เกี่ยวกับศาสนา
29642|ทะเลอันดามัน|ทะเล|ธรรมชาติและสถานที่สวยงาม
34977|ศาลเจ้าพ่อหลักเมืองสมุทรสาคร|other|สถานที่เกี่ยวกับศาสนา
98787|วงเวียนศาลนเรศวร|other|ตลาดแหล่งชุมชน
20726|ช้าง อินเตอร์เนชั่นแนล เซอร์กิต|สนามแข่งรถ|ตลาดแหล่งชุมชน
7974|วัดไพรพัฒนา (หลวงปู่สรวง)|other|สถานที่เกี่ยวกับศาสนา
51126|ผาหล่มสัก|สถานที่ท่องเที่ยว|ธรรมชาติและสถานที่สวยงาม
14652|วัดพิกุลทอง พระอารามหลวง (หลวงพ่อแพ)|วัด|สถานที่เกี่ยวกับศาสนา
68228|หลวงพ่อพระใส|other|สถานที่เกี่ยวกับศาสนา
782|วัดใหญ่ชัยมงคล|วัด|สถานที่เกี่ยวกับศาสนา
10828|น้ำตกห้วยแม่ขมิ้น|อุทยาน|ธรรมชาติและสถานที่สวยงาม
392|อนุสาวรีย์กรมหลวงประจักษ์ศิลปาคม|other|แลนด์มาร์กและอนุสรณ์สถาน
2170|วัดนิเวศธรรมประวัติราชวรวิหาร|other|สถานที่เกี่ยวกับศาสนา
10847|พระบรมรูปทรงม้า|อนุสาวรีย์|แลนด์มาร์กและอนุสรณ์สถาน
120|วัดพระมหาธาตุวรมหาวิหาร นครศรีธรรมราช|วัด|สถานที่เกี่ยวกับศาสนา
2987|วัดพระธาตุหนองบัว|วัด|สถานที่เกี่ยวกับศาสนา
14773|วัดสุทัศนเทพวรารามราชวรมหาวิหาร|วัด|สถานที่เกี่ยวกับศาสนา
4819|พระราชวังเคียงบก|สถานที่สำคัญทางวัฒนธรรม|แลนด์มาร์กและอนุสรณ์สถาน
55513|ป้าหยันร้านอาหารเพชรบุรี|ร้านอาหาร|ตลาดแหล่งชุมชน
8304|ก๋วยเตี๋ยวเรือ ป.ประทีป สาขาหนองประจักษ์|ร้านก๋วยเตี๋ยว|other
20387|ฮอนด้ามะลิวัลย์ สำนักงานใหญ่|other|other
74431|inch & ounce|ร้านกาแฟ|ตลาดแหล่งชุมชน
34690|Thai French Bakery ไทย ฝรั่งเศส เบเกอรี่|ร้านเบเกอรี่|other
74216|KAAN SHOW PATTAYA|other|ตลาดแหล่งชุมชน
2412|วัดพระไชยเชษฐา|วัด|สถานที่เกี่ยวกับศาสนา
486|ประตูวัดบ้านไร่ (หลวงพ่อคูณ)|พิพิธภัณฑ์|พิพิธภัณฑ์
11374|วัดสวนดอก|other|สถานที่เกี่ยวกับศาสนา
482|วัดบ้านไร่ หลวงพ่อคูณ|other|สถานที่เกี่ยวกับศาสนา
33972|วัดประชาราษฎร์บำรุง (วัดรางหมัน) หลวงปู่แผ้ว ปวโร|other|สถานที่เกี่ยวกับศาสนา
147|วัดป่าสุทธาวาส|วัด|สถานที่เกี่ยวกับศาสนา
6339|อุทยานประวัติศาสตร์กำแพงเพชร|สถานที่สำคัญทางประวัติศาสตร์|สถานที่เกี่ยวกับศาสนา
20016|เจดีย์โบตะทาว|เจดีย์|สถานที่เกี่ยวกับศาสนา
68760|อ่าวปิเละ (ปิเละลากูน)|สถานที่ท่องเที่ยว|ธรรมชาติและสถานที่สวยงาม
18709|ประตูบรันเดินบวร์ค|สถานที่สำคัญทางประวัติศาสตร์|สถานที่เกี่ยวกับศาสนา
34920|LE BONHEUR DESSERT SHOP|ร้านน้ำชา|ตลาดแหล่งชุมชน
2853|จุดชมวิวเสม็ดนางชี|จุดชมวิว|แลนด์มาร์กและอนุสรณ์สถาน
3540|National Museum Buddha|other|พิพิธภัณฑ์
11227|จุดชมวิว ภูป่าเปาะ (จุดที่ 4)|กรมส่งเสริมการท่องเที่ยวในท้องถิ่น|ธรรมชาติและสถานที่สวยงาม
1057|วัดไชยวัฒนาราม|สถานที่สำคัญทางประวัติศาสตร์|สถานที่เกี่ยวกับศาสนา
6587|วัดพระธาตุดอยเล็ง|other|สถานที่เกี่ยวกับศาสนา
3024|วัดถ้ำผาปู่|other|สถานที่เกี่ยวกับศาสนา
481|วัดโพธิ์ชัย (หลวงพ่อพระใส)|วัด|สถานที่เกี่ยวกับศาสนา
14739|วัดโลกโมฬี watlokmolee|วัด|สถานที่เกี่ยวกับศาสนา
2790|วัดศรีชุม (พระอจนะ)|สถานที่สำคัญทางประวัติศาสตร์|สถานที่เกี่ยวกับศาสนา
2188|ภูทอกน้อย วัดเจติยาคีรีวิหาร|วัด|สถานที่เกี่ยวกับศาสนา
1225|พิพิธภัณฑ์ธรรมเจดีย์ หลวงตามหาบัว ญาณสัมปันโน|other|พิพิธภัณฑ์
48141|สวนพฤกษศาสตร์สิงคโปร์|สวนพฤกษศาสตร์|พิพิธภัณฑ์
37437|ศรีสุทโธ|other|สถานที่เกี่ยวกับศาสนา
54726|วัดป่านาคนิมิตต์|วัด|สถานที่เกี่ยวกับศาสนา
45424|คณะทันตแพทยศาสตร์ มหาวิทยาลัยมหิดล|other|other
15658|ปตท.หจก.ทิพย์ศิริ ปิโตรเลียม|สถานีบริการน้ำมัน|other
103572|วัดพระธาตุช่อแฮ|other|สถานที่เกี่ยวกับศาสนา
116082|Dolmabahçe Palace|ปราสาท|แลนด์มาร์กและอนุสรณ์สถาน
95373|Agaligo Coffee|ร้านกาแฟ|ตลาดแหล่งชุมชน
60382|ตลาดนัดสีเขียว (Saturday Green Market)|ตลาดเกษตรกร|ตลาดแหล่งชุมชน
19348|มูลนิธิบ้านสงเคราะห์สัตว์พิการ|other|other
30084|รีสอร์ท ฮวงจุ้ย บ้านภูเขา|other|other
35255|บ้านนายกชวน หลีกภัย|สวนพฤกษศาสตร์|พิพิธภัณฑ์
49186|โรงพยาบาลสัตว์วีแคร์|โรงพยาบาลสัตว์|other
34907|The Mustcha マッチャ Café|伝統的な紅茶・緑茶店|ตลาดแหล่งชุมชน
4669|ศาลปู่แสะ ย่าแสะ|เทวสถาน|สถานที่เกี่ยวกับศาสนา
42259|จุดชมวิวกิ่วแม่ปาน|other|ธรรมชาติและสถานที่สวยงาม
33962|วัดละหารใหญ่สังฆาราม|วัด|สถานที่เกี่ยวกับศาสนา
58741|ระเบียงวิว คาเฟ่ (Rabeing View Cafe)|ร้านกาแฟ|ตลาดแหล่งชุมชน
106380|วัดเหล่าหลวง|other|สถานที่เกี่ยวกับศาสนา
90554|วัดลาดสิงห์|วัด|สถานที่เกี่ยวกับศาสนา
13442|กังฟูหม่าล่า เบียร์หิมะอุดร KungFu Mhala Snow Beer UD|ร้านอาหาร|ตลาดแหล่งชุมชน
58942|วิทยาลัยเทคนิคหนองคาย 1|วิทยาลัย|other
219324|Ярче!|other|other
85229|วัดป่าทรัพย์ทวีธรรมาราม|วัด|สถานที่เกี่ยวกับศาสนา
85643|Asmalı|other|other
47045|เกาะกูด|other|ธรรมชาติและสถานที่สวยงาม
11500|วัดหนองจะบก|วัด|สถานที่เกี่ยวกับศาสนา
49270|Peter and Paul Fortress|other|แลนด์มาร์กและอนุสรณ์สถาน
51158|ร้านแว่นตา OWNDAYS Central UdonThani|ช่างประกอบแว่นสายตา|other
1851|ทาวเวอร์บริดจ์|สะพาน|แลนด์มาร์กและอนุสรณ์สถาน
18597|Baanbua Nonlen บ้านบัว นอนเล่น|other|other
20680|ไทวัสดุ สาขาร้อยเอ็ด, Thai Watsadu Roi Et|ร้านขายอุปกรณ์ฮาร์ดแวร์|other
54650|วัดป่าคลองกุ้ง|วัด|สถานที่เกี่ยวกับศาสนา
27508|ปรินิพพาน กุสินารา कुशीनगर|สถานที่สำคัญทางโบราณคดี|สถานที่เกี่ยวกับศาสนา
1842|พิพิธภัณฑ์วาติกัน|พิพิธภัณฑ์ศิลปะ|พิพิธภัณฑ์
2086|วัดป่านานาชาติ​|วัด|สถานที่เกี่ยวกับศาสนา
1901|Sands Expo & Convention Centre|ศูนย์จัดแสดงและขายสินค้า|ตลาดแหล่งชุมชน
10609|พระพุทธไสยาสน์เจาทัตยี|เจดีย์|สถานที่เกี่ยวกับศาสนา
15081|วัดมหาธาตุวชิรมงคล (วัดบางโทง) กระบี่|วัด|สถานที่เกี่ยวกับศาสนา
8095|วัดสะตือ|other|สถานที่เกี่ยวกับศาสนา
12187|โรงแรม เอยู เพลส จ.เลย / AU Place Hotel Loei|other|other
42925|วัดป่าภูริทัตตปฏิปทาราม|วัด|สถานที่เกี่ยวกับศาสนา
54218|โตโยต้า อมตะ Toyota Amata|ตัวแทนจำหน่ายรถโตโยต้า|other
1056|วิหารพระมงคลบพิตร|วัด|สถานที่เกี่ยวกับศาสนา
16053|วัดเบญจมบพิตรดุสิตวนารามราชวรวิหาร|วัด|สถานที่เกี่ยวกับศาสนา
4866|วัดอรุณราชวรารามราชวรมหาวิหาร (วัดแจ้ง)|วัด|สถานที่เกี่ยวกับศาสนา
8011|วัดพระนอนจักรสีห์วรวิหาร|other|สถานที่เกี่ยวกับศาสนา
5297|วัดเจ็ดยอด|วัด|สถานที่เกี่ยวกับศาสนา
10389|ช่องเขาขาดพิพิธภัณฑ์สถานแห่งความทรงจำ|พิพิธภัณฑ์|พิพิธภัณฑ์
4608|วัดมรุกขนคร|สถานที่ประกอบพิธีกรรมทางศาสนา|สถานที่เกี่ยวกับศาสนา
14390|Savior on the Spilled Blood|โบสถ์|สถานที่เกี่ยวกับศาสนา
44727|ไพศาลอีเลคโทรนิค|other|other
55442|วัดป่าไชยวาน|วัด|สถานที่เกี่ยวกับศาสนา
49661|มหาวิทยาลัยธรรมศาสตร์ ศูนย์รังสิต|other|other
50041|UNIQLO CentralWorld Store|ร้านเสื้อผ้า|other
11235|เกาะสิมิลัน|เกาะ|ธรรมชาติและสถานที่สวยงาม
14034|วัดคงคาราม|other|สถานที่เกี่ยวกับศาสนา
60963|พญาศรีมุกดามหามุนีนีลปาลนาคราช|สถานที่บูชาทางศาสนา|สถานที่เกี่ยวกับศาสนา
32161|วัดป่าบ้านพันลำ|วัด|สถานที่เกี่ยวกับศาสนา
1685|ศาลเจ้ายาซูกูนิ|ศาลเจ้าชินโต|สถานที่เกี่ยวกับศาสนา
27505|วัดเชตวันมหาวิหาร|อาราม|สถานที่เกี่ยวกับศาสนา
55325|ลา ฟลอร่า เขาหลัก|other|ธรรมชาติและสถานที่สวยงาม
14506|MAGURO (Health Land Chaeng Watthana)|ภัตตาคารอาหารญี่ปุ่น|other
16576|PTT Petrol Station|other|other
64009|วัดสี่แยกแสงเพชร|วัด|สถานที่เกี่ยวกับศาสนา
52245|วิกตอเรียพีค|ยอดเขา|ธรรมชาติและสถานที่สวยงาม
29079|จัตุรัสแดง|other|แลนด์มาร์กและอนุสรณ์สถาน
219|พระวิหารพระพุทธไสยาสน์ วัดป่าภูก้อน|other|สถานที่เกี่ยวกับศาสนา
15597|วัดธาตุประสิทธิ์|วัด|สถานที่เกี่ยวกับศาสนา
3567|วัดศรีสุพรรณ|other|สถานที่เกี่ยวกับศาสนา
5992|พระบรมธาตุเจดีย์ศรีมงคล หลวงปู่คำบ่อ|วัด|สถานที่เกี่ยวกับศาสนา
35071|วัดพระขาว|other|สถานที่เกี่ยวกับศาสนา
45838|Koala Burgers and More (โควล่า เบอร์เกอร์ แอน มอร์)|other|other
37718|เซ็นเตอร์พอยท์ โฮเตล เทอมินอล 21 โคราช|other|ตลาดแหล่งชุมชน
26668|วัดประยงค์กิตติวนาราม|วัด|สถานที่เกี่ยวกับศาสนา
103139|ปลาทู เรสเตอรองท์|other|other
45305|ร้านขนมเบื้องสองพี่น้อง|ร้านอาหาร|ตลาดแหล่งชุมชน
64032|วัดป่าสุดเขตแดนสยาม|วัด|สถานที่เกี่ยวกับศาสนา
69127|อ่าวหะล็อง|อ่าว|ธรรมชาติและสถานที่สวยงาม
15628|Florista Cafe and Eatery|ร้านอาหาร|ตลาดแหล่งชุมชน
38442|วัดนางนองวรวิหาร|วัด|สถานที่เกี่ยวกับศาสนา
24995|วัดป่าดาราภิรมย์ พระอารามหลวง|วัด|สถานที่เกี่ยวกับศาสนา
8597|วัดมหาวนาราม​ พระอารามหลวง|วัด|สถานที่เกี่ยวกับศาสนา
38115|อุทยานปราสาทหินเขาพนมรุ้ง Phanomrung Temple|other|แลนด์มาร์กและอนุสรณ์สถาน
1294|อนุสาวรีย์ท้าวสุรนารี (ย่าโม)|สวนอนุสรณ์สถาน|แลนด์มาร์กและอนุสรณ์สถาน
2523|วัดมหาธาตุ จ.นครพนม|other|สถานที่เกี่ยวกับศาสนา
16691|ภูชี้ฟ้า|ยอดเขา|ธรรมชาติและสถานที่สวยงาม
4462|พระมหาธาตุนภเมทนีดลและพระมหาธาตุนภพลภูมิสิริ|สถานที่ท่องเที่ยว|ธรรมชาติและสถานที่สวยงาม
41391|ถ. เยาวราช|other|ตลาดแหล่งชุมชน
7822|วัดสิรินธรวรารามภูพร้าว|วัด|สถานที่เกี่ยวกับศาสนา
715|วัดพระธาตุบังพวน|วัด|สถานที่เกี่ยวกับศาสนา
41007|Holiday Inn Resort Vana Nava Hua Hin, an IHG Hotel|other|other
12848|ทัชมาฮาล|อนุสาวรีย์|แลนด์มาร์กและอนุสรณ์สถาน
95931|จุดชมวิว ภูลมโล|อุทยานแห่งชาติ|ธรรมชาติและสถานที่สวยงาม
3912|ลานหินปุ่ม|สถานที่ท่องเที่ยว|ธรรมชาติและสถานที่สวยงาม
2049|วัดหินหมากเป้ง|วัด|สถานที่เกี่ยวกับศาสนา
2642|วัดภูมินทร์|วัด|สถานที่เกี่ยวกับศาสนา
11213|พระมหาเจดีย์ ศรีชัยมงคล|สถานที่บูชาทางศาสนา|สถานที่เกี่ยวกับศาสนา
7768|สวนสาธารณะบึงทุ่งสร้าง|สวนสาธารณะของเมือง|ตลาดแหล่งชุมชน
301|วัดเจดีย์หลวง วรวิหาร เชียงใหม่|วัด|สถานที่เกี่ยวกับศาสนา
17416|วัดนันตาราม เชียงคำ พะเยา|วัด|สถานที่เกี่ยวกับศาสนา
4013|วัดหลวงพ่อองค์ตื้อ|other|สถานที่เกี่ยวกับศาสนา
9953|พิพิธภัณฑ์หุ่นขี้ผึ้งหลวงปู่ขาว อนาลโย at อำเภอเมืองหนองบัวลำภู|พิพิธภัณฑ์|พิพิธภัณฑ์
7666|วัดบ้านจาน (หลวงปู่หมุน)|สถานที่ประกอบพิธีกรรมทางศาสนา|สถานที่เกี่ยวกับศาสนา
2201|วัดพระธาตุเรณู|วัด|สถานที่เกี่ยวกับศาสนา
7760|วัดบ้านค้อ|other|สถานที่เกี่ยวกับศาสนา
51|ลานพญาศรีสัตตนาคราช|อนุสาวรีย์|แลนด์มาร์กและอนุสรณ์สถาน
2009|โรงแรมฮิลตัน พัทยา|other|other
3036|วัดเนรมิตวิปัสสนา|วัด|สถานที่เกี่ยวกับศาสนา
6015|พิพิธภัณฑ์อาจารย์ฝั้น อาจาโร|พิพิธภัณฑ์|พิพิธภัณฑ์
3914|วัดร่องขุ่น|วัด|สถานที่เกี่ยวกับศาสนา
255|วัดพระธาตุผาซ่อนแก้ว|วัด|สถานที่เกี่ยวกับศาสนา
8674|พีระมิดลูฟวร์|สถานที่สำคัญทางวัฒนธรรม|แลนด์มาร์กและอนุสรณ์สถาน
9441|มหาวิทยาลัยแม่โจ้|other|other
43631|เกาะกลางน้ำ เขื่อนสิรินธร|other|ธรรมชาติและสถานที่สวยงาม
23265|ติดหม้อชาบู|ร้านอาหาร|ตลาดแหล่งชุมชน
12593|อุทยานแห่งชาติไซออน|อุทยานแห่งชาติ|ธรรมชาติและสถานที่สวยงาม
186312|Baan Suan Ngam บ้านสวนงาม สระบุรี|โฮมสเตย์|other
85996|งานเชียงรายดอกไม้งาม|พิพิธภัณฑ์|พิพิธภัณฑ์
27503|มูลนิธิพุทธชยันตี ไทย-อินเดีย|วัด|สถานที่เกี่ยวกับศาสนา
22383|ร้านครัวเพชรดอยงาม ครัวเมืองคลาสสิก|ภัตตาคารอาหารไทย|other
45634|หาดท้ายเหมือง|other|ธรรมชาติและสถานที่สวยงาม
45580|Viking Ship Museum|พิพิธภัณฑ์ประวัติศาสตร์|พิพิธภัณฑ์
48366|ศาลหลักเมืองสมุทรสาคร|other|สถานที่เกี่ยวกับศาสนา
38705|Baba Beach Club Hua Hin Luxury Pool Villa Hotel by Sri panwa|other|other
95377|วัดโป่หลิน|วัด|สถานที่เกี่ยวกับศาสนา
80599|ฮ้อง ข้าวต้มปลา|ร้านอาหาร|ตลาดแหล่งชุมชน
17019|วัดใหญ่บางปลากด|วัด|สถานที่เกี่ยวกับศาสนา
4230|The Baristro Asian Style|ร้านกาแฟ|ตลาดแหล่งชุมชน
43131|Om Garden Cafe|ร้านอาหาร|ตลาดแหล่งชุมชน
53125|แอนฟีลด์|สนามกีฬา|ตลาดแหล่งชุมชน
194562|ร้านอาหารบ้านทรงไทย BaanSongThai Reatuarant|ร้านอาหาร|ตลาดแหล่งชุมชน
8668|Galeries Lafayette Haussmann|ห้างสรรพสินค้า|other
53508|ร้านอาหารสเต็กหลังเขา|ร้านอาหาร|ตลาดแหล่งชุมชน
162994|วัดอัมพวนาราม|other|สถานที่เกี่ยวกับศาสนา
51254|แต้เฮี้ยงอิ้ว|ร้านอาหาร|ตลาดแหล่งชุมชน
60361|บ้านชมสวนรีสอร์ท|ที่พัก|other
80771|วัดเจติยาคีรีวิหาร (ภูทอก)|other|สถานที่เกี่ยวกับศาสนา
95543|Took Lae Dee ถูกและดี​|other|other
95338|7-Eleven สาขา โซ่พิสัย (08067)|ร้านสะดวกซื้อ|other
15291|Chez Nous Chiangmai|ร้านกาแฟ|ตลาดแหล่งชุมชน
54796|วัดป่าเวฬุวนาราม (วัดโนนกกจาน)|วัด|สถานที่เกี่ยวกับศาสนา
151816|Haedong Yonggungsa Temple|วัด|สถานที่เกี่ยวกับศาสนา
113123|แม็คโคร กบินทร์บุรี|ห้างสรรพสินค้า|other
82983|บิ๊กมาร์ทซุปเปอร์สโตร์|ศูนย์การค้า|other
26079|กาแลคซี่ มาเก๊า|other|ตลาดแหล่งชุมชน
81053|Deli Cafe|other|ตลาดแหล่งชุมชน
116048|เครมลินแห่งมอสโก|สถานที่สำคัญทางประวัติศาสตร์|สถานที่เกี่ยวกับศาสนา
115366|เทวาศรม เขาหลัก บีช รีสอร์ท แอนด์ วิลล่า|other|other
137339|Sofitel Krabi Phokeethra Golf & Spa Resort|other|other
97297|ร้านอาหารและคาเฟ่สวีเดน - อิเกีย|ภัตตาคารอาหารสวีเดน|ตลาดแหล่งชุมชน
51010|วัดพรประภานิมิต|วัด|สถานที่เกี่ยวกับศาสนา
61886|สินไทยพาณิชย์|ร้านขายของชำ|ตลาดแหล่งชุมชน
27201|7tique coffee shop|ร้านกาแฟ|ตลาดแหล่งชุมชน
49141|วัดอัมพวัน - หลวงพ่อโหน่ง|วัด|สถานที่เกี่ยวกับศาสนา
27220|ม่อนพญานาคราช เชียงใหม่|สถานที่บูชาทางศาสนา|สถานที่เกี่ยวกับศาสนา
24875|วัดน้อยนางหงษ์|other|สถานที่เกี่ยวกับศาสนา
39463|Café Laura|ร้านอาหาร|ตลาดแหล่งชุมชน
27930|พระบรมราชานุสาวรีย์พระบาทสมเด็จพระมงกุฎเกล้าเจ้าอยู่หัว|other|แลนด์มาร์กและอนุสรณ์สถาน
29575|มหาวิทยาลัยราชภัฏนครปฐม|other|other
62875|Château du Haut-Kœnigsbourg|ปราสาท|แลนด์มาร์กและอนุสรณ์สถาน
27463|Pha Daeng Peak Viewpoint - Nong Khiaw Viewpoint|ดาดฟ้าชมวิว|ธรรมชาติและสถานที่สวยงาม
148531|ร้าน บ้านไผ่ลิ้มซินเฮียง|ร้านค้า|ตลาดแหล่งชุมชน
54449|วัดเขาศาลาอตุลฐานะจาโร (หลวงพ่อเยื้อน)|วัด|สถานที่เกี่ยวกับศาสนา
73167|มหาวิทยาลัยฮาร์วาร์ด|other|other
81300|Adam&eve​ cafe' and bistro|ร้านอาหาร|ตลาดแหล่งชุมชน
100759|Hacking Coffee Flagship|โรงคั่วกาแฟ|ตลาดแหล่งชุมชน
68290|ศาลพลเรือเอกพระเจ้าบรมวงศ์เธอ กรมหลวงชุมพรเขตอุดมศักดิ์|other|แลนด์มาร์กและอนุสรณ์สถาน
28555|วัดอุดมมงคลวนาราม (วัดป่าบ้านนาคำน้อย) at นายูง อุดรธานี|วัด|สถานที่เกี่ยวกับศาสนา
52247|หอดูดาวภูเขาฮาโกดาเตะ|other|พิพิธภัณฑ์
132007|พระที่นั่งจักรีมหาปราสาท|ปราสาท|แลนด์มาร์กและอนุสรณ์สถาน
3876|วัดธรรมยาน (พระอุโบสถ)|วัด|สถานที่เกี่ยวกับศาสนา
21685|โรงเรียนสวนกุหลาบวิทยาลัย|other|other
12718|อุทยานแห่งชาติศรีสัชนาลัย|other|ธรรมชาติและสถานที่สวยงาม
75262|พระยืน ๓๐ ศอก (หลวงพ่อเงินไหลมาเทมา)|สถานที่บูชาทางศาสนา|สถานที่เกี่ยวกับศาสนา
92769|บริษัท ยางบุญกิจหนองคาย 1997 จำกัด|ร้านยางรถยนต์|other
18727|ก๋วยเตี๋ยวต้นทาง @ นครลำปาง|ร้านอาหาร|ตลาดแหล่งชุมชน
120089|วัดสันทรายหลวง|วัด|สถานที่เกี่ยวกับศาสนา
52297|ทะเลสาบฮหว่านเกี๊ยม|ทะเลสาบ|ธรรมชาติและสถานที่สวยงาม
9250|ท่าอากาศยานนานาชาติดูไบ|สนามบิน|other
46944|วัดหนองสองห้อง|other|สถานที่เกี่ยวกับศาสนา
48389|วัดศรีวนาราม|other|สถานที่เกี่ยวกับศาสนา
3018|เจดีย์พิพิธภัณฑ์หลวงปู่หลุย จันทสาโร|พิพิธภัณฑ์|พิพิธภัณฑ์
21765|วัดหนังราชวรวิหาร|วัด|สถานที่เกี่ยวกับศาสนา
14274|La Baguette French Bakery Cafe & Restaurant|ภัตตาคารอาหารฝรั่งเศส|ตลาดแหล่งชุมชน
29598|ยอดเขาเทวดา อุทยานแห่งชาติพุเตย|other|ธรรมชาติและสถานที่สวยงาม
53468|หาดในหาน|ชายหาด|ธรรมชาติและสถานที่สวยงาม
15420|วัดเสาหิน|other|สถานที่เกี่ยวกับศาสนา
42187|Park Hyatt Bangkok|other|other
123409|Linh Phuoc Pagoda|วัด|สถานที่เกี่ยวกับศาสนา
17420|วัดช่องแค|วัด|สถานที่เกี่ยวกับศาสนา
48169|เขื่อนมารีน่า|ทำนบ|ธรรมชาติและสถานที่สวยงาม
49998|วนอุทยานน้ำตกผาหลวง|อุทยานแห่งชาติ|ธรรมชาติและสถานที่สวยงาม
84556|Associated Road Carriers Limited|other|other
22773|จุดชมวิว ศาลา ดุสิตา ทุงแสลงหลวง|จุดชมวิว|แลนด์มาร์กและอนุสรณ์สถาน
8552|น้ำตกห้วยจันทร์|สถานที่ท่องเที่ยว|ธรรมชาติและสถานที่สวยงาม
38584|วัดภูพลานสูง|วัด|สถานที่เกี่ยวกับศาสนา
55426|Tanukikoji Shopping Street|บิสสิเนสพาร์ค|ตลาดแหล่งชุมชน
22911|เกาะไม้ไผ่|เกาะ|ธรรมชาติและสถานที่สวยงาม
54197|แม็คโคร ขอนแก่น 2|other|ตลาดแหล่งชุมชน
22968|วัดพระแก้วเชียงของ|วัด|สถานที่เกี่ยวกับศาสนา
3919|Phu Chifa|ยอดเขา|ธรรมชาติและสถานที่สวยงาม
94734|Hua Hin Marriott Resort & Spa|other|other
4701|หลวงพ่อช้าง วัดจุกเฌอ แปดริ้ว|วัด|สถานที่เกี่ยวกับศาสนา
114976|พระมหาเจดีย์ศรีแสงธรรมวิสุทธิมงคล|เจดีย์|สถานที่เกี่ยวกับศาสนา
13375|วัดอุโมงค์มหาเถรจันทร์|วัด|สถานที่เกี่ยวกับศาสนา
97864|ทุ่งมะขามหย่อง|สถานที่ท่องเที่ยว|ธรรมชาติและสถานที่สวยงาม
8684|ร้านหนังสือ คิโนะคูนิยะ สาขาสยาม พารากอน|ร้านหนังสือ|ตลาดแหล่งชุมชน
91887|วัดใหม่บ้านตาล (หลวงปู่คำบ่อ)|other|สถานที่เกี่ยวกับศาสนา
34396|Hiddenwoods|ร้านกาแฟ|ตลาดแหล่งชุมชน
19113|ซากราดาฟามีเลีย|มหาวิหาร|สถานที่เกี่ยวกับศาสนา
80657|พระพุทธชินราช Buddha Chinnaraj|วัด|สถานที่เกี่ยวกับศาสนา
29784|วัดบุญญาวาส|other|สถานที่เกี่ยวกับศาสนา
8136|วัดป่าดานวิเวก (หลวงปู่ทุย)|วัด|สถานที่เกี่ยวกับศาสนา
17529|อาเหลียง ก๋วยเตี๋ยวเนื้อตุ๋น|ร้านก๋วยเตี๋ยว|other
6004|วัดดอยธรรมเจดีย์|วัด|สถานที่เกี่ยวกับศาสนา
3795|ผาชะนะได|สถานที่ท่องเที่ยว|ธรรมชาติและสถานที่สวยงาม
29680|Sha Tin Che Kung Temple|วัดนิกายเต๋า|สถานที่เกี่ยวกับศาสนา
607|วัดมหาธาตุวรวิหาร ราชบุรี|วัด|สถานที่เกี่ยวกับศาสนา
1904|ท่าอากาศยานสิงคโปร์ชางงี|สนามบิน|other
6898|สวนสาธารณะสมเด็จพระเจ้าตากสินมหาราช|อุทยาน|ธรรมชาติและสถานที่สวยงาม
16099|วัดโพธิ์ประทับช้าง|วัด|สถานที่เกี่ยวกับศาสนา
18157|วัดเจริญราษฎร์บำรุง (วัดหนองพงนก)|วัด|สถานที่เกี่ยวกับศาสนา
31869|วัดอินทราวาส (วัดต้นเกว๋น)|วัด|สถานที่เกี่ยวกับศาสนา
1039|วัดพระธาตุช่อแฮ พระอารามหลวง|ร้านกาแฟ|ตลาดแหล่งชุมชน
2240|The For Rest cafe|ร้านกาแฟ|ตลาดแหล่งชุมชน
2952|พระธาตุขามแก่น|วัด|สถานที่เกี่ยวกับศาสนา
4571|วัดพระพุทธบาท ราชวรมหาวิหาร สระบุรี|วัด|สถานที่เกี่ยวกับศาสนา
7759|วัดเขาช่องชาด|other|สถานที่เกี่ยวกับศาสนา
14570|วัดหน้าพระเมรุราชิการาม (พระอารามหลวง)|วัด|สถานที่เกี่ยวกับศาสนา
27445|Navel of Mekong สะดือแม่น้ำโขง|other|แลนด์มาร์กและอนุสรณ์สถาน
3757|อาสนวิหารอัครเทวดามีคาแอล ท่าแร่|อาสนวิหาร|สถานที่เกี่ยวกับศาสนา
3141|พระมหาธาตุแก่นนคร|เจดีย์|สถานที่เกี่ยวกับศาสนา
14740|สำนักสงฆ์ถ้ำผาปล่อง(หลวงปู่สิม)|วัด|สถานที่เกี่ยวกับศาสนา
2688|อนุสาวรีย์ครูบาศรีวิชัย|อนุสาวรีย์|แลนด์มาร์กและอนุสรณ์สถาน
19988|จุดชมวิวลาดเกาะ|จุดชมวิว|แลนด์มาร์กและอนุสรณ์สถาน
3589|Khao Yai Art Museum|พิพิธภัณฑ์ศิลปะ|พิพิธภัณฑ์
560|วัดพระธาตุลำปางหลวง|วัด|สถานที่เกี่ยวกับศาสนา
24884|ปราสาทสระกำแพงใหญ่|สถานที่สำคัญทางประวัติศาสตร์|สถานที่เกี่ยวกับศาสนา
41610|วัดพระมหาไถ่ กรุงเทพฯ|โบสถ์คาทอลิก|สถานที่เกี่ยวกับศาสนา
27716|วัดดอยแม่ปั๋ง (หลวงปู่แหวน)|other|สถานที่เกี่ยวกับศาสนา
1837|พิพิธภัณฑ์ลูฟวร์|พิพิธภัณฑ์ศิลปะ|พิพิธภัณฑ์
3469|เกาะไข่|เกาะ|ธรรมชาติและสถานที่สวยงาม
23479|วัดอรัญญบรรพต|วัด|สถานที่เกี่ยวกับศาสนา
17344|วัดพระธาตุผาเงา (วิหารหลวงพ่อผาเงา)|วัด|สถานที่เกี่ยวกับศาสนา
718|วัดป่าสว่างบุญ|วัด|สถานที่เกี่ยวกับศาสนา
27096|เตี๋ยวเด็ด หนองสองห้อง|ร้านก๋วยเตี๋ยว|other
16873|ช่องเย็น|other|other
3874|หอคำหลวง|สถานที่ท่องเที่ยว|ธรรมชาติและสถานที่สวยงาม
19272|มหาวิทยาลัยขอนแก่น วิทยาเขตหนองคาย|มหาวิทยาลัยรัฐ|other
37207|จุดชมวิวกังหันลม|สถานที่ท่องเที่ยว|ธรรมชาติและสถานที่สวยงาม
11240|อุทยานประวัติศาสตร์ศรีสัชนาลัย|สถานที่สำคัญทางประวัติศาสตร์|สถานที่เกี่ยวกับศาสนา
6376|วัดสมเด็จภูเรือมิ่งเมือง|วัด|สถานที่เกี่ยวกับศาสนา
8057|พระนารายณ์ราชนิเวศน์|สถานที่สำคัญทางประวัติศาสตร์|สถานที่เกี่ยวกับศาสนา
28617|Alfamart|other|ตลาดแหล่งชุมชน
21349|อนุสาวรีย์กรมหลวงชุมพรเขตอุดมศักดิ์|other|แลนด์มาร์กและอนุสรณ์สถาน
24739|พิพิธภัณฑ์สัตว์น้ำไคยูกัง|พิพิธภัณฑ์สัตว์น้ำ|พิพิธภัณฑ์
105555|วัดราชบุรณราชวรวิหาร (วัดเลียบ)|วัด|สถานที่เกี่ยวกับศาสนา
40961|ศาลาการเปรียญ วัดป่าภูก้อน|other|สถานที่เกี่ยวกับศาสนา
12979|มหาวิหารมิลาน|โบสถ์คาทอลิก|สถานที่เกี่ยวกับศาสนา
38048|ดีแคทลอน บางนา|ร้านอุปกรณ์กีฬา|ตลาดแหล่งชุมชน
4594|ศาลท้าวมหาพรหม|สถานที่สักการะบูชา|สถานที่เกี่ยวกับศาสนา
7848|วิหารหลวงพ่อสำเร็จศักดิ์สิทธิ์|สถานที่บูชาทางศาสนา|สถานที่เกี่ยวกับศาสนา
8838|โครงการชั่งหัวมัน ตามพระราชดำริ|สถานที่ท่องเที่ยว|ธรรมชาติและสถานที่สวยงาม
7697|ศูนย์อาหารเทอร์มินอล21|ศูนย์อาหาร|ตลาดแหล่งชุมชน
879|วัดโนนกุ่ม (หลวงพ่อโต)|other|สถานที่เกี่ยวกับศาสนา
2138|น้ำตกวชิรธาร|น้ำตก|ธรรมชาติและสถานที่สวยงาม
2117|อุทยานประวัติศาสตร์พนมรุ้ง|สถานที่สำคัญทางประวัติศาสตร์|สถานที่เกี่ยวกับศาสนา
37911|ตลาดผลไม้นานาชาติ ตลาดไท|other|ตลาดแหล่งชุมชน
23884|สวนเฉลิมพระเกียรติ พัทยา|อุทยาน|ธรรมชาติและสถานที่สวยงาม
40890|Otaru Music Box Museum|ร้านจำหน่ายกล่องดนตรี|ตลาดแหล่งชุมชน
23047|ร้านไส้อั่ว เนื้อทุบ แม่หลวงเพ็ญ|ร้านอาหาร|ตลาดแหล่งชุมชน
67781|Phumontra Resort Nakhon Nayok|other|other
38677|Panviman Chiangmai Spa Resort|other|other
25976|โรงละครแห่งชาติ|โรงละคร|ศิลปะวัฒนธรรมชุมชน
34129|Blue Lotus Hua Hin|other|other
2120|อุทยานประวัติศาสตร์พิมาย|สถานที่สำคัญทางประวัติศาสตร์|สถานที่เกี่ยวกับศาสนา
17245|อุทยานแห่งชาติภูลังกา|อุทยานแห่งชาติ|ธรรมชาติและสถานที่สวยงาม
6320|อนุสาวรีย์สมเด็จพระเจ้าตากสินมหาราช|อนุสาวรีย์|แลนด์มาร์กและอนุสรณ์สถาน
24737|โดทงโบะริ|บิสสิเนสพาร์ค|ตลาดแหล่งชุมชน
25527|วัดอโศการาม|other|สถานที่เกี่ยวกับศาสนา
3908|พระตำหนักดอยตุง สวนแม่ฟ้าหลวง|สถานที่ท่องเที่ยว|ธรรมชาติและสถานที่สวยงาม
52798|วัดปราสาทนนทบุรี|วัด|สถานที่เกี่ยวกับศาสนา
10428|โรงแรม เพนนินซูลา กรุงเทพฯ|other|other
36456|พุทธมณฑล|other|สถานที่เกี่ยวกับศาสนา
8626|วัดพระธาตุท่าอุเทน|วัด|สถานที่เกี่ยวกับศาสนา
3900|วัดมหาธาตุ|สถานที่สำคัญทางประวัติศาสตร์|สถานที่เกี่ยวกับศาสนา
22678|สุสานไตรลักษณ์|พิพิธภัณฑ์|พิพิธภัณฑ์
6027|Dose Espresso Thailand|ร้านกาแฟ|ตลาดแหล่งชุมชน
2307|วัดถ้ำผาแด่น|วัด|สถานที่เกี่ยวกับศาสนา
6524|อุทยานแห่งชาติ น้ำตกพลิ้ว (อุทยานแห่งชาติ เขาสระบาป)|อุทยาน|ธรรมชาติและสถานที่สวยงาม
113299|สปริงส์ฟิลด์แอทซีรีสอร์ทแอนด์สปา Springfield @ Sea Resort & Spa|other|other
20194|วัดประโชติการาม|other|สถานที่เกี่ยวกับศาสนา
34957|วัดเจดีย์เจ็ดแถว|สถานที่สำคัญทางประวัติศาสตร์|สถานที่เกี่ยวกับศาสนา
29283|วัดจอมเพชร|other|สถานที่เกี่ยวกับศาสนา
4767|Louis Vuitton|other|ตลาดแหล่งชุมชน
96708|Sanae Beach Huahin|other|ธรรมชาติและสถานที่สวยงาม
74676|ร้านข้าวหมูแดงหมูกรอบ ตา+ต๊ะ บ้านโป่ง|ร้านอาหาร|ตลาดแหล่งชุมชน
15599|Bueng Kan|other|other
49142|วัดน้อย (หลวงพ่อเนียม)|วัด|สถานที่เกี่ยวกับศาสนา
8439|สวนสัตว์เปิด เขาประทับช้าง|other|พิพิธภัณฑ์
52311|วัดชมภูเวก|วัด|สถานที่เกี่ยวกับศาสนา
35904|ริเวอร์เดล กอล์ฟ คลับ|สนามกอล์ฟ|other
44187|Lowbattery Coffee|ร้านกาแฟ|ตลาดแหล่งชุมชน
29544|บริษัท วิริยะประกันภัย จำกัด (มหาชน)|other|other
28421|The Zixgar Club|ร้านกาแฟ|ตลาดแหล่งชุมชน
40948|Google Thailand|บริษัทซอฟท์แวร์|other
48658|น้ำตกเคงง|จุดชมวิว|แลนด์มาร์กและอนุสรณ์สถาน
45899|382 space coffee|ร้านกาแฟ|ตลาดแหล่งชุมชน
54859|สถูปอิฐพระธาตุพนมองค์เดิม|เจดีย์|สถานที่เกี่ยวกับศาสนา
54858|วัดช้างล้อม|other|สถานที่เกี่ยวกับศาสนา
144744|พระธาตุดอยแม่ย่าม่อน|เจดีย์|สถานที่เกี่ยวกับศาสนา
36473|Oasis Coffee|other|ตลาดแหล่งชุมชน
1763|Tháp Bitexco Financial Tower|สำนักงานของบริษัท|other
49369|The Deck by Arun Residence|ร้านอาหารฟิวชั่นเอเชีย|ตลาดแหล่งชุมชน
84363|ศาลสมเด็จพระเจ้าตากสิน|สถานที่บูชาทางศาสนา|สถานที่เกี่ยวกับศาสนา
30298|สำนักปฏิบัติธรรมวัดคลองตาลอง|สถานที่ประกอบพิธีกรรมทางศาสนา|สถานที่เกี่ยวกับศาสนา
55333|สถานีบริการ NGV เบสท์ เอ็นจีวี|สถานีบริการน้ำมัน|other
19669|ศูนย์ประสานงานท่องเที่ยว|other|other
27498|วัดไทยกุสินาราเฉลิมราชย์ อินเดีย(วัดไทยเฉลิมพระเกียรติ)|สถานที่ประกอบพิธีกรรมทางศาสนา|สถานที่เกี่ยวกับศาสนา
95380|เต็ก-เตี๋ยว|ร้านอาหาร|ตลาดแหล่งชุมชน
137173|พิพิธภัณฑ์หลวงพ่อเดิม วัดหนองโพ|พิพิธภัณฑ์|พิพิธภัณฑ์
40532|เทวสถานปรางค์แขก|สถานที่สำคัญทางประวัติศาสตร์|สถานที่เกี่ยวกับศาสนา
28077|มหาวิทยาลัยราชภัฏสกลนคร|มหาวิทยาลัย|other
5612|โรงแรมดาราเทวี เชียงใหม่|other|other
14317|137 Pillars Suites & Residences Bangkok|other|other
16626|วัดกร่าง|วัด|สถานที่เกี่ยวกับศาสนา
26553|พระธาตุมหาชัย|วัด|สถานที่เกี่ยวกับศาสนา
29482|วัดไกลกังวล (เขาสารพัดดีศรีเจริญธรรม)|วัด|สถานที่เกี่ยวกับศาสนา
48271|Toscana Valley Country Club|สนามกอล์ฟ|other
25185|วัดท่าคก|วัด|สถานที่เกี่ยวกับศาสนา
22900|Café Amazon Concept Store สาขา พหลโยธิน กม.56|ร้านกาแฟ|ตลาดแหล่งชุมชน
34685|The Country Grill|บาร์ & กริลล์|other
1855|อาร์กเดอทรียงฟ์เดอเลตวล|อนุสาวรีย์|แลนด์มาร์กและอนุสรณ์สถาน
11248|เดอะบลูสกาย รีสอร์ท เกาะพยาม|other|other
10784|ดีแคทลอน บางใหญ่|ร้านอุปกรณ์กีฬา|ตลาดแหล่งชุมชน
44653|วิทยาลัยนานาชาติ มหาวิทยาลัยขอนแก่น|มหาวิทยาลัย|other
8624|Quartier Foodhall|ศูนย์อาหาร|ตลาดแหล่งชุมชน
127636|ศาลเจ้าปู่ศรีสุทโธ|สถานที่สักการะบูชา|สถานที่เกี่ยวกับศาสนา
37585|โซฟิเทล กรุงเทพ สุขุมวิท|other|other
29594|สถานีเกษตรหลวงอ่างขาง|other|พิพิธภัณฑ์
8230|วัดพระแก้ว เชียงราย|วัด|สถานที่เกี่ยวกับศาสนา
302|วัดพระสิงห์วรมหาวิหาร|วัด|สถานที่เกี่ยวกับศาสนา
11239|อุทยานประวัติศาสตร์พระนครคีรี|สถานที่สำคัญทางประวัติศาสตร์|สถานที่เกี่ยวกับศาสนา
21218|วัดกู่ประภาชัย|วัด|สถานที่เกี่ยวกับศาสนา
27720|วัดป่าหนองหล่มวนาราม (หลวงปู่หมุน)|วัด|สถานที่เกี่ยวกับศาสนา
11237|อุทยานแห่งชาติแก่งกระจาน|อุทยานแห่งชาติ|ธรรมชาติและสถานที่สวยงาม
71403|ศาลานที ทองศิริ เซียนแปะ|สถานที่สักการะบูชา|สถานที่เกี่ยวกับศาสนา
19693|ซุ้มประตูวัฒนธรรมไทย - จีน|สถานที่สำคัญทางประวัติศาสตร์|สถานที่เกี่ยวกับศาสนา
29631|วัดมงคลโคธาวาส|วัด|สถานที่เกี่ยวกับศาสนา
22222|วัดป่าโนนนิเวศน์ อำเภอเมืองอุดรธานี|other|สถานที่เกี่ยวกับศาสนา
4482|Bluekoff khonkaen|ร้านกาแฟ|ตลาดแหล่งชุมชน
43215|ศาลเจ้ากวนอู (คลองสาน)|สถานที่สักการะบูชา|สถานที่เกี่ยวกับศาสนา
69619|สวนสุขภาพลัดโพธิ์|สวนอนุสรณ์สถาน|แลนด์มาร์กและอนุสรณ์สถาน
8225|พระบรมธาตุศรีนครินทราสถิตย์มหาสันติคีรี|สถานที่ประกอบพิธีกรรมทางศาสนา|สถานที่เกี่ยวกับศาสนา
5473|วังเทพทาโร|ฮอลิเดย์พาร์ค|other
11236|อุทยานแห่งชาติภูหินร่องกล้า|อุทยานแห่งชาติ|ธรรมชาติและสถานที่สวยงาม
29576|วัดเขาตะเครา|other|สถานที่เกี่ยวกับศาสนา
5827|วัดพิพัฒน์มงคล สุโขทัย|other|สถานที่เกี่ยวกับศาสนา
11398|วัดจามเทวี|วัด|สถานที่เกี่ยวกับศาสนา
3904|ดอยอ่างขาง|ยอดเขา|ธรรมชาติและสถานที่สวยงาม
13698|วัดป่าภูหายหลง|วัด|สถานที่เกี่ยวกับศาสนา
16095|วัดห้วยเจริญสุข|วัด|สถานที่เกี่ยวกับศาสนา
23227|Café Amazon สหัสขันธ์|other|ตลาดแหล่งชุมชน
18509|จุดชมวิวถนนพับผ้า|จุดชมวิว|แลนด์มาร์กและอนุสรณ์สถาน
20671|ต้มเลือดหมู|other|other
112961|วัดป่าทรงธรรม|other|สถานที่เกี่ยวกับศาสนา
26086|สตูดิโอซิตี้|other|other
55912|วัดโฮคันจิ|วัด|สถานที่เกี่ยวกับศาสนา
23046|ร้านกาแฟมิตรไมตรี MITMAITRI COFFEE|ร้านกาแฟ|ตลาดแหล่งชุมชน
74371|สวนไอคอนสยามพาร์ก|สวน|ตลาดแหล่งชุมชน
222803|วิทยาภัณ อุดร|other|other
155628|พิพิธภัณฑ์ศิลปะเมโทรโพลิทัน|พิพิธภัณฑ์ศิลปะ|พิพิธภัณฑ์
54998|เดอะ แคฟวาลรี|other|other
85079|โอ้กะจู๋ สาขา มาร์เก็ตวิลเลจ รังสิต (OHKAJHU Market Village Rangsit)|ร้านอาหารสุขภาพ|other
87964|Hong island 360° View point|ดาดฟ้าชมวิว|ธรรมชาติและสถานที่สวยงาม
116024|วัดจะทิ้งพระ|วัด|สถานที่เกี่ยวกับศาสนา
41818|เดอะวิจิตรรีสอร์ทภูเก็ต|other|other
58895|Tsim Sha Tsui Star Ferry Pier|other|other
82746|วัดบ้านปาง ครูบาศรีวิชัย|วัด|สถานที่เกี่ยวกับศาสนา
25540|ไปรษณีย์ไทย สาขาบางรัก|other|other
2059|พระมหาเจดีย์พิพิธภัณฑ์หลวงปู่มั่น ภูริทัตโต|เจดีย์|สถานที่เกี่ยวกับศาสนา
90532|ลำปางเรสซิเดนซ์|other|other
48138|ราชประสงค์​สกายวอล์ก​|สะพาน|แลนด์มาร์กและอนุสรณ์สถาน
169633|วัดศรีอุปลาราม|other|สถานที่เกี่ยวกับศาสนา
92192|ครัวสมหญิง|ร้านอาหารครอบครัว|other
18575|Coconut Organic Garden|ร้านอาหาร|ตลาดแหล่งชุมชน
48355|วัดเจริญสุขาราม|วัด|สถานที่เกี่ยวกับศาสนา
119339|วัดเทพเจติยาจารย์|วัด|สถานที่เกี่ยวกับศาสนา
13368|จุดชมวิวกิ่วกระทิง|จุดชมวิว|แลนด์มาร์กและอนุสรณ์สถาน
97033|ครัวเตเต้|ร้านอาหาร|ตลาดแหล่งชุมชน
46503|เกาะภูเก็ต|other|ธรรมชาติและสถานที่สวยงาม
75274|ปากหม้อศรีเทพ2byครูตาล|ร้านขนมหวาน|other
113500|วัดมหาวัน|วัด|สถานที่เกี่ยวกับศาสนา
167058|Dambulla Royal Cave Temple and Golden Temple|วัด|สถานที่เกี่ยวกับศาสนา
16717|ลานกางเต็นท์เอื้องเงิน|พื้นที่ตั้งแคมป์|ตลาดแหล่งชุมชน
49106|วัดลาดศรัทธาราม (ศาลาหมูสี)|วัด|สถานที่เกี่ยวกับศาสนา
55480|ไอเลิฟสวีท|ร้านอาหาร|ตลาดแหล่งชุมชน
128775|Queen of Bakery @Khao Yai|ร้านเบเกอรี่|other
90624|วัดบ้านพราน|other|สถานที่เกี่ยวกับศาสนา
98438|บ้านดินอาข่าAkha Mudhouse Maesalong|other|other
54453|วัดป่าบวรสังฆาราม (วัดสวนป่ากัมมัฏฐานเฉลิมพระเกียรติ 72 พรรษามหาราช)|วัด|สถานที่เกี่ยวกับศาสนา
91187|วัดป่าหมากหน่อ|วัด|สถานที่เกี่ยวกับศาสนา
65418|อ.พิบูลรักษ์|other|other
41486|บ้านเคียงตะวัน อ.โขงเจียม|other|other
62757|Magic Fountain of Montjuïc|น้ำพุ|ธรรมชาติและสถานที่สวยงาม
18160|วัดป่าถ้ำพระแม่ย่า(ธรรมยุต)|วัด|สถานที่เกี่ยวกับศาสนา
62993|Pha Ngern View Point|แหล่งเดินป่าปีนเขา|ธรรมชาติและสถานที่สวยงาม
27485|วัดไทยนวราชรัตนาราม 960|วัด|สถานที่เกี่ยวกับศาสนา
44627|สะพานพระราม 9|สะพาน|แลนด์มาร์กและอนุสรณ์สถาน
80112|อุโบสถ วัดพระธรรมกาย|วัด|สถานที่เกี่ยวกับศาสนา
53403|May Veggie Home|ภัตตาคารอาหารมังสวิรัติ|other
145378|คลองปากประ|คลอง|ตลาดแหล่งชุมชน
138418|เจดีย์หลวงปู่วัง Pagoda|สถานที่ประกอบพิธีกรรมทางศาสนา|สถานที่เกี่ยวกับศาสนา
18022|วัดเทพหิรัณย์ ชัยนาท|วัด|สถานที่เกี่ยวกับศาสนา
155882|ร้านอาหารญี่ปุ่น กิวจัง|other|other
132019|วิทยาลัยเพาะช่าง มหาวิทยาลัยเทคโนโลยีราชมงคลรัตนโกสินทร์|มหาวิทยาลัย|other
171472|วัดอภิญญาเทสิตธรรม|other|สถานที่เกี่ยวกับศาสนา
15864|บ้านเลขที่ ๑|other|other
54502|วัดแพร่ธรรมาราม|วัด|สถานที่เกี่ยวกับศาสนา
134232|Doi Phu Kha Viewpoint|other|ธรรมชาติและสถานที่สวยงาม
51907|ครัวทศพล บางตะบูน|ร้านอาหาร|ตลาดแหล่งชุมชน
155969|วัดพระธาตุฝุ่น|วัด|สถานที่เกี่ยวกับศาสนา
80667|Sun & Soul|ร้านอาหาร|ตลาดแหล่งชุมชน
24835|Wat Khao Hua Jook|สถานที่ท่องเที่ยว|ธรรมชาติและสถานที่สวยงาม
137258|NIKUYA Japanese BBQ Buffet... By OISHI|other|other
48061|เจดีย์ชุเรโตะ|สถานที่สำคัญทางประวัติศาสตร์|สถานที่เกี่ยวกับศาสนา
108703|MTC อมรออโต้เซอร์วิส|ร้านยางรถยนต์|other
18435|อนุสาวรีย์นางเงือก เกาะเสม็ด|สถานที่ท่องเที่ยว|ธรรมชาติและสถานที่สวยงาม
62337|Salaloy Seafood ศาลาลอยซีฟู้ด|ภัตตาคารอาหารทะเล|ตลาดแหล่งชุมชน
47044|ที่ทำการประภาคารแหลมงอบ|รัฐบาล|other
53396|วัดเทพธิดารามวรวิหาร|วัด|สถานที่เกี่ยวกับศาสนา
50732|神戸どうぶつ王国(Kobe Animal Kingdom)|動物園|ตลาดแหล่งชุมชน
21686|โรงเรียนเทพศิรินทร์|other|other
146661|วัดป่านาคูณ|วัด|สถานที่เกี่ยวกับศาสนา
79962|มหาวิทยาลัยกรุงเทพธนบุรี|มหาวิทยาลัยเอกชน|other
764|คาเมะ คาเฟ่ หาดเจ้าหลาว จันทบุรี|ร้านกาแฟ|ตลาดแหล่งชุมชน
13598|เบ็งเมเลีย|สถานที่สำคัญทางประวัติศาสตร์|สถานที่เกี่ยวกับศาสนา
113353|วัดทอง|other|สถานที่เกี่ยวกับศาสนา
18634|วัดป่าสว่างวีระวงศ์|วัด|สถานที่เกี่ยวกับศาสนา
144921|มหาสฟิงซ์|อนุสาวรีย์|แลนด์มาร์กและอนุสรณ์สถาน
122441|Maeyoung Mango sticky rice ข้าวเหนียวมะม่วงแม่หยุง|ร้านขนมหวาน|other
52992|ศาลพระเจ้าตาก|other|แลนด์มาร์กและอนุสรณ์สถาน
69416|Krua Khun Puk|ภัตตาคารอาหารไทย|other
95071|สถานีโบกอร์ ฮิลล์|สถานที่ท่องเที่ยว|ธรรมชาติและสถานที่สวยงาม
35121|City of Dreams|other|other
21363|บริษัท อุดรทวีทรัพย์ (1990)จำกัด สาขาบ้านจั่น|ตัวแทนจำหน่ายรถฮอนด้า|other
72350|ร้านอาหารมุมไม้|ร้านอาหาร|ตลาดแหล่งชุมชน
152420|ทะเลบัวแดง ท่าบ้านเชียงแหว กุมภวาปี อุดรธานี|ท่าเทียบเรือ|ธรรมชาติและสถานที่สวยงาม
84939|Kobegyu Yakiniku Buffet|other|other
30578|Blue Elephant|other|other
105627|Full Moon|other|ตลาดแหล่งชุมชน
116278|Pattaya Beach|ชายหาด|ธรรมชาติและสถานที่สวยงาม
96482|ลานริเวอร์ ปาร์ค ไอคอนสยาม|สวน|ตลาดแหล่งชุมชน
127606|อนุสาวรีย์ครูบาศรีวิชัย (ศีลธรรมเจ้า)|อนุสาวรีย์|แลนด์มาร์กและอนุสรณ์สถาน
147672|วัดจันทราราม|other|สถานที่เกี่ยวกับศาสนา
93594|Settha Palace Hotel|other|other
37909|ธนพลหมูย่างเกาหลี|ร้านอาหาร|ตลาดแหล่งชุมชน
43872|วัดสระกำแพงใหญ่|other|สถานที่เกี่ยวกับศาสนา
85254|SALAD FACTORY - Mega Bangna|ร้านสลัด|ตลาดแหล่งชุมชน
2190|วัดจอมศรีหมู่ที่ 2|วัด|สถานที่เกี่ยวกับศาสนา
1017|ปั๊มน้ำมันเชลล์ (SHELL) ท่าชนะ|สถานีบริการน้ำมัน|other
37937|วัดบางปลา|other|สถานที่เกี่ยวกับศาสนา
54050|Harley-Davidson of Bangkok|ตัวแทนจำหน่ายรถ Harley-Davidson|ตลาดแหล่งชุมชน
19442|Ovo Castle|ปราสาท|แลนด์มาร์กและอนุสรณ์สถาน
45185|ห้วยสามพาด|other|ตลาดแหล่งชุมชน
69485|USABAI Riverside Boutique Hotel อยู่สบายริเวอร์ไซด์ บูทีค โฮเทล|other|other
23609|พงษ์ข้าวต้ม|ร้านอาหาร|ตลาดแหล่งชุมชน
139410|วัดป่าหนองผือ|other|สถานที่เกี่ยวกับศาสนา
71866|โรงภาพยนตร์ House RCA|other|ศิลปะวัฒนธรรมชุมชน
28194|Trok khrut cafe :ตรอกครุฑ คาเฟ่|ร้านอาหาร|ตลาดแหล่งชุมชน
165201|IRPC|other|other
19385|The Shelter โชคชัย4|ศูนย์การค้า|other
207438|Krungthai-Axa Life Insurance Co.,Ltd.|other|other
4472|สุรชัยฟาร์ม ทุ่งดอกมากาเร็ตเชียงใหม่|สถานที่ท่องเที่ยว|ธรรมชาติและสถานที่สวยงาม
87762|Sule Shangri-La, Yangon|other|other
162975|Ramabhar Stupa|วัด|สถานที่เกี่ยวกับศาสนา
35041|คลองญวนชวนรักษ์ เกาะญวน ปากน้ำโพ|สถานที่ท่องเที่ยว|ธรรมชาติและสถานที่สวยงาม
4235|Wat Pha Lat Hike (Monk's trail)|แหล่งเดินป่าปีนเขา|ธรรมชาติและสถานที่สวยงาม
60960|วัดลัฏฐิกวัน|วัด|สถานที่เกี่ยวกับศาสนา
115158|นิสสัน สาขาเพชรบุรีตัดใหม่ (บริษัท สยามนิสสันเซลส์และสยามนิสสันบอดี้)|ตัวแทนจำหน่ายรถยนต์|other
123738|สะพานลังกาวีสกาย|สถานที่ท่องเที่ยว|ธรรมชาติและสถานที่สวยงาม
107112|นาราซีฟู้ด|ร้านอาหาร|ตลาดแหล่งชุมชน
73937|Phong Nha Cave|สถานที่ท่องเที่ยว|ธรรมชาติและสถานที่สวยงาม
54251|ถิงถิง Ting Ting บิงซูน้ำขิง ขอนแก่น|ร้านขนมหวาน|other
164670|บ่อน้ำพุร้อน ริมน้ำ ระหว่างล่องเรือไปทีลอซู|สถานที่ท่องเที่ยว|ธรรมชาติและสถานที่สวยงาม
102502|ปตท. กรีน พรีเมียม เซอร์วิส|สถานีบริการน้ำมัน|other
35516|ศาลหลักเมืองนนทบุรี|other|แลนด์มาร์กและอนุสรณ์สถาน
164810|ตวงชวนชิม|ร้านอาหาร|ตลาดแหล่งชุมชน
85126|The House on Sathon|ร้านอาหาร|ตลาดแหล่งชุมชน
41133|วัดป่าดงสว่างธรรม|วัด|สถานที่เกี่ยวกับศาสนา
35415|วัดพระมงคลมิ่งเมือง|วัด|สถานที่เกี่ยวกับศาสนา
195708|ไปรษณีย์ไทย สาขาบ้านดุง|ที่ทำการไปรษณีย์|other
165307|ร้านอาโก|ร้านอาหาร|ตลาดแหล่งชุมชน
68347|วัดนครอินทร์|other|สถานที่เกี่ยวกับศาสนา
115168|วัดดอนสวรรค์|other|สถานที่เกี่ยวกับศาสนา
145871|วัดป่าโสตถิผล|วัด|สถานที่เกี่ยวกับศาสนา
37503|จุดชมวิว 2 เกาะพีพี|other|ธรรมชาติและสถานที่สวยงาม
93214|Cub House Udonthani|ตัวแทนจำหน่ายรถจักรยานยนต์|other
2332|ปู่นาคา ชมพูนาคราช|สถานที่ท่องเที่ยว|ธรรมชาติและสถานที่สวยงาม
111190|Chom's Pizza & Westernfood|ร้านอาหาร|ตลาดแหล่งชุมชน
29683|วัดสำนักขุนเณร|วัด|สถานที่เกี่ยวกับศาสนา
90507|บริษัท บ้านริมแควแพริมน้ำ จำกัด|Outdoor activity organiser|other
94887|Mekong Riverside Resort & Camping|other|other
901|บัวรีสอร์ทสวนผึ้ง|other|other
49383|ก๋วยเตี๋ยวหมูน้ำตก คากิ|ร้านก๋วยเตี๋ยว|other
153380|Chatrium Golf Resort Soi Dao Chanthaburi|other|other
24286|บ้านป่าริมธาร จันทบุรี|other|other
12355|CW CURRYWURST|ร้านอาหาร|ตลาดแหล่งชุมชน
49417|ร้านก๋วยเตี๋ยวเป็ดนาแบก|ร้านก๋วยเตี๋ยว|other
127652|Ruby's|ร้านกาแฟ|ตลาดแหล่งชุมชน
78204|ฐานปฏิบัติการเฝ้าระวังกช. ที่ 1 (อ่าวกะรัง)|ดาดฟ้าชมวิว|ธรรมชาติและสถานที่สวยงาม
121119|The North Gate Jazz Co-Op|คลับดนตรีแจ๊ซ|ตลาดแหล่งชุมชน
169237|ร้านรุ่งเจริญ หนองเม็ก|ซูเปอร์มาร์เก็ต|ตลาดแหล่งชุมชน
35354|ซินจิว|other|other
37550|Escape Bangkok|บาร์ค็อกเทล|ตลาดแหล่งชุมชน
80334|Dekdoi coffee jabo|other|ตลาดแหล่งชุมชน
98063|วัดป่าโสภณธรรมาราม|other|สถานที่เกี่ยวกับศาสนา
64090|ศศิกานต์ ปูนึ่ง|ร้านอาหาร|ตลาดแหล่งชุมชน
145087|ไทยมณี ริมโขง Thai Manee Guest House|โรงแรม|other
35395|ลานพระบิดา มหาวิทยาลัยสงขลานครินทร์|other|ตลาดแหล่งชุมชน
29756|วัดช้างให้|other|สถานที่เกี่ยวกับศาสนา
19648|วัดมหาธาตุยุวราชรังสฤษฎิ์ ราชวรมหาวิหาร|วัด|สถานที่เกี่ยวกับศาสนา
12731|วัดเชียงมั่น|วัด|สถานที่เกี่ยวกับศาสนา
2629|โอ้กะจู๋ สาขา สันทราย (OHKAJHU Organic Farm Sansai)|ภัตตาคารออร์แกนิค|other
24497|ทะเลบัวแดงท่าเรือบ้านเชียงแหว|other|ธรรมชาติและสถานที่สวยงาม
11378|วัดไผ่ล้อม (หลวงพ่อเอียด) อ.บางบาล จ.อยุธยา|other|สถานที่เกี่ยวกับศาสนา
85509|ฮายาโซฟีอา|มัสยิด|สถานที่เกี่ยวกับศาสนา
37348|วัดหัวหิน|other|สถานที่เกี่ยวกับศาสนา
29219|อุทยานแห่งชาติตาพระยา|อุทยานแห่งชาติ|ธรรมชาติและสถานที่สวยงาม
28277|ภูทอกใหญ่|ยอดเขา|ธรรมชาติและสถานที่สวยงาม
4563|โรงแรมเวลาดี อุดรธานี VELADHI Hotel|other|other
1441|ภูเขาฟุจิ|ยอดเขา|ธรรมชาติและสถานที่สวยงาม
53567|วัดบุพพาราม|other|สถานที่เกี่ยวกับศาสนา
23856|ลานพญานาคกว๊านพะเยา|สถานที่ท่องเที่ยว|ธรรมชาติและสถานที่สวยงาม
66337|มัสยิดกลางประจำจังหวัดสงขลา|มัสยิด|สถานที่เกี่ยวกับศาสนา
9381|มหาวิทยาลัยมหิดล|other|other
2530|"หินสามวาฬ""ภูสิงห์ บึงกาฬ"""|สถานที่ท่องเที่ยว|ธรรมชาติและสถานที่สวยงาม
12085|หอศิลปวัฒนธรรมแห่งกรุงเทพมหานคร|ห้องแสดงงานศิลปะ|ศิลปะวัฒนธรรมชุมชน
316|วัดพระธาตุดอยคำ|other|สถานที่เกี่ยวกับศาสนา
17327|วัดพระบาทน้ำพุ|other|สถานที่เกี่ยวกับศาสนา
2213|วัดสะพานสูง|วัด|สถานที่เกี่ยวกับศาสนา
4501|อุทยานแห่งชาติ อ่าวพังงา|อุทยานแห่งชาติ|ธรรมชาติและสถานที่สวยงาม
22281|พ่อปู่คำหัวช้าง|วัด|สถานที่เกี่ยวกับศาสนา
551|สนามหลวง|สวนสาธารณะ|ศิลปะวัฒนธรรมชุมชน
13380|วัดสังกระต่าย|วัด|สถานที่เกี่ยวกับศาสนา
4981|เขื่อนรัชชประภา|สถานที่ท่องเที่ยว|ธรรมชาติและสถานที่สวยงาม
710|วัดกระทุ่มเสือปลา|other|สถานที่เกี่ยวกับศาสนา
33504|วัดพระศรีรัตนมหาธาตุ สุพรรณบุรี|วัด|สถานที่เกี่ยวกับศาสนา
164|วัดตะโก หลวงพ่อรวย|วัด|สถานที่เกี่ยวกับศาสนา
17307|วัดตูม|วัด|สถานที่เกี่ยวกับศาสนา
39085|ร้านตำตีน ส้มตำหนองบก|ร้านอาหาร|ตลาดแหล่งชุมชน
28279|เจดีย์หินวัดป่ากุง|เจดีย์|สถานที่เกี่ยวกับศาสนา
43041|วัดร่ำเปิง (ตโปทาราม)|วัด|สถานที่เกี่ยวกับศาสนา
45983|รัตนะบุรี จันทบุรี โฮมสเตย์|โรงแรม|other
16203|พระธาตุดอยตุง|วัด|สถานที่เกี่ยวกับศาสนา
1895|การ์เด้นส์ บาย เดอะ เบย์|สวน|ตลาดแหล่งชุมชน
80864|ตลาดชุมพลพาณิชย์|ตลาด|ตลาดแหล่งชุมชน
22314|Fleur Cafe & Eatery|ร้านกาแฟ|ตลาดแหล่งชุมชน
56953|COPE Visitor Centre|พิพิธภัณฑ์|พิพิธภัณฑ์
54929|พิพิธภัณฑสถานเมืองตราดจังหวัดตราด|พิพิธภัณฑ์ประวัติศาสตร์ท้องถิ่น|พิพิธภัณฑ์
9768|สวนสาธารณะเฉลิมพระเกียรติ 6 รอบ พระชนมพรรษา|สวนสาธารณะ|ศิลปะวัฒนธรรมชุมชน
8815|โอ้กะจู๋ สาขา สยามสแควร์วัน (OHKAJHU Siam Square One)|other|ตลาดแหล่งชุมชน
58840|มหิดลสิทธาคาร|โรงจัดแสดงคอนเสิร์ต|ศิลปะวัฒนธรรมชุมชน
41430|คลินิกศูนย์แพทย์พัฒนา (Medical Development Clinic)|คลินิกการแพทย์|other
49268|Travertines of Pamukkale (thermal pools)|พื้นที่อนุรักษ์ธรรมชาติ|ธรรมชาติและสถานที่สวยงาม
73739|Rainbow Village|สถานที่ท่องเที่ยว|ธรรมชาติและสถานที่สวยงาม
51589|ข้าน้อยขอชาบู ยูเนี่ยนมอลล์ ชั้น 1|ร้านอาหารชาบูชาบู|other
34684|Saloon Loei|ร้านอาหาร|ตลาดแหล่งชุมชน
26347|U Pattaya|other|other
4728|ร้านอาหารทะเลภูเก็ต คุณภา ซีฟู้ด หาดราไวย์|ร้านอาหาร|ตลาดแหล่งชุมชน
54687|วัดเทวสังฆาราม|วัด|สถานที่เกี่ยวกับศาสนา
28869|white house cafe & Studio|ร้านกาแฟ|ตลาดแหล่งชุมชน
3098|Wat Thamma Mun|other|สถานที่เกี่ยวกับศาสนา
37654|Factory หมูกระทะ|ร้านอาหาร|ตลาดแหล่งชุมชน
16365|ร้านริมโขงชมเขา|other|other
69487|สะพานรักษ์ทะเลบางขุนเทียน|สถานที่ท่องเที่ยว|ธรรมชาติและสถานที่สวยงาม
117043|หอยจ๊อปูแม่วรรณา|other|other
15264|วัดโคกดอกไม้|วัด|สถานที่เกี่ยวกับศาสนา
51989|เมกา พาร์ก|สวนสาธารณะ|ศิลปะวัฒนธรรมชุมชน
24476|ตือฮวน อรุณวรรณ|ร้านอาหาร|ตลาดแหล่งชุมชน
11197|ดอยแม่สลอง|ยอดเขา|ธรรมชาติและสถานที่สวยงาม
23913|ปูราอูลุนดานูบราตัน|โบสถ์ของศาสนาฮินดู|สถานที่เกี่ยวกับศาสนา
48037|ปราสาทฮิเมะจิ|ปราสาท|แลนด์มาร์กและอนุสรณ์สถาน
55261|คัสตาร์ด นากามูระ|ร้านเบเกอรี่|other
24878|วัดศรีสุทธาราม (วัดกำพร้า)|วัด|สถานที่เกี่ยวกับศาสนา
31862|The BC2|ร้านอาหาร|ตลาดแหล่งชุมชน
31250|วัดถาวรชัยศิริ|วัด|สถานที่เกี่ยวกับศาสนา
24897|ศูนย์บริการนักท่องเที่ยวภูป่าเปาะ|ศูนย์ข้อมูลนักท่องเที่ยว|other
15022|Khaothong Hill - เขาทองฮิลล์|other|other
97153|หลังแป (MOUNTAIN TOP)|สถานที่ท่องเที่ยว|ธรรมชาติและสถานที่สวยงาม
8592|Pikul Apartment|other|other
90951|วัดโทได|วัด|สถานที่เกี่ยวกับศาสนา
16121|อาสนวิหารแม่พระบังเกิด บางนกแขวก|อาสนวิหาร|สถานที่เกี่ยวกับศาสนา
38367|ถ้ำผาเจาะ at นาวัง หนองบัวลำภู|สถานที่ท่องเที่ยว|ธรรมชาติและสถานที่สวยงาม
12358|วัดไตรมิตรวิทยารามวรวิหาร|other|สถานที่เกี่ยวกับศาสนา
8791|วัดชลประทานรังสฤษดิ์ พระอารามหลวง นนทบุรี (หลวงพ่อปัญญา)|วัด|สถานที่เกี่ยวกับศาสนา
4459|วัดกัลยาณมิตร วรมหาวิหาร(หลวงพ่อโต)ซำปอกง|วัด|สถานที่เกี่ยวกับศาสนา
397|วัดพระธาตุเชิงชุมวรวิหาร|วัด|สถานที่เกี่ยวกับศาสนา
2689|วัดอรัญญวิเวก (หลวงปู่เปลี่ยน)|วัด|สถานที่เกี่ยวกับศาสนา
9777|วัดถ้ำสาริกา|other|สถานที่เกี่ยวกับศาสนา
17618|ทะเลแหวก|other|ธรรมชาติและสถานที่สวยงาม
24868|วัดพระบรมธาตุไชยาราชวรวิหาร|วัด|สถานที่เกี่ยวกับศาสนา
5834|วัดห้วยปลากั้ง(พระอาจารย์พบโชค) จ.เชียงราย|วัด|สถานที่เกี่ยวกับศาสนา
9837|หอนางอุสา|พิพิธภัณฑ์|พิพิธภัณฑ์
4149|สนามบินดอนเมือง|ท่าอากาศยานระหว่างประเทศ|other
291|วัดเพชรสมุทรวรวิหาร|other|สถานที่เกี่ยวกับศาสนา
4702|วัดห้วยน้ำทรัพย์ (วัดพระธาตุวาโย)|วัด|สถานที่เกี่ยวกับศาสนา
2126|ปราสาทหินพนมวัน|สถานที่สำคัญทางประวัติศาสตร์|สถานที่เกี่ยวกับศาสนา
863|ศาลเจ้าหน่าจาซาไท้จื้อ อ่างศิลา|สถานที่สักการะบูชา|สถานที่เกี่ยวกับศาสนา
19369|ศูนย์ศึกษาธรรมชาติกองทัพบกบางปู|พื้นที่อนุรักษ์ธรรมชาติ|ธรรมชาติและสถานที่สวยงาม
31063|From Scratch Bakeshop & Café|ร้านกาแฟ|ตลาดแหล่งชุมชน
28203|วัดปรางค์หลวง|วัด|สถานที่เกี่ยวกับศาสนา
43258|วัดศรีเทพประดิษฐาราม นครพนม|วัด|สถานที่เกี่ยวกับศาสนา
12474|โรงแรมดุสิตธานี กรุงเทพฯ|other|other
54761|วัดเขารูปช้าง|other|สถานที่เกี่ยวกับศาสนา
42179|นำรส ราดหน้าเปิปพิศดาร ปัตตานี|other|other
23886|พีระเซอร์กิต|สนามแข่งรถ|ตลาดแหล่งชุมชน
47081|วัดหนองบัว|other|สถานที่เกี่ยวกับศาสนา
47641|Le Méridien Chiang Rai Resort|other|other
4855|The Baristro at Ping River|ร้านกาแฟ|ตลาดแหล่งชุมชน
13702|ที่ทำการไปรษณีย์เขาค้อ|ที่ทำการไปรษณีย์|other
23435|ถนนเลข 3|จุดชมวิว|แลนด์มาร์กและอนุสรณ์สถาน
1055|วัดพระศรีสรรเพชญ์|สถานที่สำคัญทางประวัติศาสตร์|สถานที่เกี่ยวกับศาสนา
870|วัดบางพลีใหญ่ใน|วัด|สถานที่เกี่ยวกับศาสนา
19965|เซ็นทาราแกรนด์บีชรีสอร์ทและวิลล่าหัวหิน|other|other
15065|มัสยิดกลางจังหวัดปัตตานี|มัสยิด|สถานที่เกี่ยวกับศาสนา
4806|Apple Iconsiam|ร้านอุปกรณ์อิเล็กทรอนิกส์|other
51135|ผาชูธง|สถานที่ท่องเที่ยว|ธรรมชาติและสถานที่สวยงาม
3891|พระพุทธมหาธรรมราชา​เฉลิม​พระเกียรติ​ 84 พรรษา|other|แลนด์มาร์กและอนุสรณ์สถาน
2022|ศาลเจ้าฟูชิมิอินาริ|ศาลเจ้าชินโต|สถานที่เกี่ยวกับศาสนา
51200|Royal Paragon Hall|ศูนย์ประชุม|ตลาดแหล่งชุมชน
42965|วัดมณีโคตร|วัด|สถานที่เกี่ยวกับศาสนา
22559|วัดใต้พระเจ้าใหญ่องค์ตื้อ|วัด|สถานที่เกี่ยวกับศาสนา
9816|วัดต้นสน|other|สถานที่เกี่ยวกับศาสนา
8267|DoiTung Lifestyle|other|ตลาดแหล่งชุมชน
15006|วัดบรมราชากาญจนาภิเษกอนุสรณ์ (วัดเล่งเน่ยยี่ 2)|วัดนิกายเต๋า|สถานที่เกี่ยวกับศาสนา
21744|วัดปากน้ำภาษีเจริญ|วัด|สถานที่เกี่ยวกับศาสนา
8345|สาขาวิชาการตลาด มหาวิทยาลัยราชภัฏอุดรธานี|มหาวิทยาลัยรัฐ|other
297|วัดหลักสี่ราษฎร์สโมสร|วัด|สถานที่เกี่ยวกับศาสนา
13261|หมู่บ้านประวัติศาสตร์แห่งชิระงะวะโงและโกะกะยะมะ|สถานที่ท่องเที่ยว|ธรรมชาติและสถานที่สวยงาม
7727|วัดถ้ำอภัยดำรงธรรม (วัดถ้ำพวง)|วัด|สถานที่เกี่ยวกับศาสนา
11209|องค์พญานาคองค์ศรีสัตตนาคราช|วัด|สถานที่เกี่ยวกับศาสนา
43474|องค์การพิพิธภัณฑ์วิทยาศาสตร์แห่งชาติ|พิพิธภัณฑ์วิทยาศาสตร์|พิพิธภัณฑ์
15934|วัดบางพลีใหญ่กลาง|วัด|สถานที่เกี่ยวกับศาสนา
317|วัดอุโมงค์ สวนพุทธธรรม|วัด|สถานที่เกี่ยวกับศาสนา
20493|วัดสุทธิวราราม|other|สถานที่เกี่ยวกับศาสนา
19852|วัดลาดปู่ทรงธรรม (วัดพระธาตุสัจจะ)|วัด|สถานที่เกี่ยวกับศาสนา
9834|อุทยานพระบรมราชานุสรณ์ สมเด็จพระพุทธเลิศหล้านภาลัย|พิพิธภัณฑ์|พิพิธภัณฑ์
44549|วูดู คาเฟ่ ธิงค์กิ้ง สเปซ - Voodoo Cafe|ร้านอาหาร|ตลาดแหล่งชุมชน
26404|Nathon Pier 3 (Seatran Ferry Pier)|ผู้ให้บริการเรือข้ามฟาก|other
11389|วัดสะแก|other|สถานที่เกี่ยวกับศาสนา
2169|วัดวรเชตุเทพบำรุง|วัด|สถานที่เกี่ยวกับศาสนา
3765|วัดโพธิสมภรณ์|วัด|สถานที่เกี่ยวกับศาสนา
71983|อุโบสถไม้แดง (ธรรมยุต)|องค์กรทางศาสนา|สถานที่เกี่ยวกับศาสนา
7789|วังสวนบ้านแก้ว|พิพิธภัณฑ์|พิพิธภัณฑ์
26604|วัดสารนาถธรรมมาราม|วัด|สถานที่เกี่ยวกับศาสนา
26479|อีฟจิ้มจุ่มสาขา2|ร้านอาหาร|ตลาดแหล่งชุมชน
9729|ร้านโตโน่ ขนมจีนบุฟเฟ่ต์,อาหารตามสั่ง|ร้านอาหาร|ตลาดแหล่งชุมชน
29001|Bai Dinh Pagoda|วัด|สถานที่เกี่ยวกับศาสนา
54464|วัดเจียงอีศรีมงคลวราราม|วัด|สถานที่เกี่ยวกับศาสนา
29087|บุรจญ์เคาะลีฟะฮ์|สถานที่สำคัญ|แลนด์มาร์กและอนุสรณ์สถาน
5970|สุดยอดเนื้อตุ๋น|other|other
54527|โบราณสถานวัดพระพายหลวง|สถานที่สำคัญทางประวัติศาสตร์|สถานที่เกี่ยวกับศาสนา
19628|วัดสักใหญ่ (หลวงพ่อสุโขทัย)|วัด|สถานที่เกี่ยวกับศาสนา
115083|Phuket Marriott Resort and Spa, Nai Yang Beach|other|other
51930|อุทยานแห่งชาติน้ำตกห้วยยาง|อุทยานแห่งชาติ|ธรรมชาติและสถานที่สวยงาม
116276|เรือนไทยสาคร สามชุก|สถานที่ท่องเที่ยว|ธรรมชาติและสถานที่สวยงาม
54471|วัดบ้านตำแย|สถานที่ประกอบพิธีกรรมทางศาสนา|สถานที่เกี่ยวกับศาสนา
41815|อควาเรีย ภูเก็ต|พิพิธภัณฑ์สัตว์น้ำ|พิพิธภัณฑ์
87644|ลานรวมใจไทสกล|อุทยาน|ธรรมชาติและสถานที่สวยงาม
2185|Viewpoint of Thai-Lao Friendship Bridge 3|สะพาน|แลนด์มาร์กและอนุสรณ์สถาน
134878|พรอินทร์เครื่องหมาย|other|other
135364|เจ๊แหวดก๋วยเตี๋ยวเป็ด ด่านเกวียน|ร้านก๋วยเตี๋ยว|other
71526|Opet|other|other
88335|วัดพัฒนาราม (วัดใหม่)|วัด|สถานที่เกี่ยวกับศาสนา
51618|วัดถ้ำผาบิ้ง|วัด|สถานที่เกี่ยวกับศาสนา
3732|โลตัส โกเฟรช พรเจริญ|ซูเปอร์มาร์เก็ต|ตลาดแหล่งชุมชน
53466|Hai Leng Ong Statue (Golden Dragon Monument)|ประติมากรรม|แลนด์มาร์กและอนุสรณ์สถาน
100889|เพลินอารมณ์ slow bar|ร้านกาแฟ|ตลาดแหล่งชุมชน
70686|ปตท. สรรพาวุธ-บางนา|สถานีบริการน้ำมัน|other
61401|CoCoICHIBANYA|other|other
15303|Much Room Cafe|ร้านกาแฟ|ตลาดแหล่งชุมชน
90168|สำรับลาว สระบุรี|ภัตตาคารอาหารไทย|other
15489|ศาลพระพิฆเนศ อาเขตเชียงใหม่|โบสถ์ของศาสนาฮินดู|สถานที่เกี่ยวกับศาสนา
39484|ซิกซ์บริว คอฟฟี่ แอรด์ บาร์|ร้านกาแฟ|ตลาดแหล่งชุมชน
69112|หอคอยลอนดอน|ปราสาท|แลนด์มาร์กและอนุสรณ์สถาน
30173|แจ่ว ชาบู by Ball บ่อวิน ชลบุรี|ร้านอาหาร|ตลาดแหล่งชุมชน
106168|Okinawa Churaumi Aquarium|พิพิธภัณฑ์สัตว์น้ำ|พิพิธภัณฑ์
22466|ชมทุ่ง ณ สวนมะละกอคุณตา|ร้านอาหารครอบครัว|other
69695|เกาะช้างซีฟู้ด|ร้านอาหาร|ตลาดแหล่งชุมชน
99906|ดอยพุ่ยโค|สถานที่ท่องเที่ยว|ธรรมชาติและสถานที่สวยงาม
24567|Kenshin Izakaya Groove Central World เคนชิน อิซากายะ สาขา สาขา เซ็นทรัลเวิลด์(ชั้น2 โซนกรู๊ฟ) 剣心 居酒屋|居酒屋|ตลาดแหล่งชุมชน
124975|โรงแรมเรสท์ ดีเทล หัวหิน|other|other
48979|ร้านท่าน้ำโคราช By เจ๊กันต์ (ขนมจีนหม้อปลาร้าไฮโซ)|ร้านอาหาร|ตลาดแหล่งชุมชน
24838|วัดสังข์กระจายวรวิหาร|วัด|สถานที่เกี่ยวกับศาสนา
104659|Honda Bigwing อุดร|other|other
76534|วัดไทยพุทธคยา|วัด|สถานที่เกี่ยวกับศาสนา
13240|มหาวิทยาลัยสุโขทัยธรรมาธิราช|other|other
113703|วัดหนองพงนก นครปฐม|other|สถานที่เกี่ยวกับศาสนา
21852|หอเฉลิมพระเกียรติพระราชวงศ์จักรี|other|แลนด์มาร์กและอนุสรณ์สถาน
34869|ตาทวย|ภัตตาคารอาหารทะเล|ตลาดแหล่งชุมชน
43155|บางบาร์|other|ตลาดแหล่งชุมชน
34996|สภาวิศวกร|other|other
39035|Wat Luang|other|สถานที่เกี่ยวกับศาสนา
48503|เฟย ยา|ภัตตาคารอาหารจีน|other
22353|อนันตราเชียงใหม่รีสอร์ท|other|other
21847|วัดบ้านดงน้อยสามัคคีธรรม|วัด|สถานที่เกี่ยวกับศาสนา
90094|The MACEO Hotel|other|other
129885|Pullman Phuket Panwa Beach Resort|other|other
37020|ก๋วยจั๊บไก่ ไพลิน|ภัตตาคารอาหารประเภทไก่|other
25467|มหาวิทยาลัยมหาจุฬาลงกรณราชวิทยาลัย อยุธยา|other|other
163155|Helix Bridge|สะพาน|แลนด์มาร์กและอนุสรณ์สถาน
22201|ชายรองบะหมี่เกี้ยว หมูแดง หมูกรอบ|other|other
91287|KHAMPUN MUSEUM CAFE|ร้านกาแฟ|ตลาดแหล่งชุมชน
30640|เคปนิทราหัวหิน|other|other
63544|วัดสักกะวัน ภูกุ้มข้าว (หลวงปู่หา สุภโร)|วัด|สถานที่เกี่ยวกับศาสนา
29793|วัดพุทธาธิวาส พระอารามหลวงเบตง ยะลา|วัด|สถานที่เกี่ยวกับศาสนา
22231|แม่จันทร์เนื้อย่าง|ร้านอาหาร|ตลาดแหล่งชุมชน
22452|พิพิธภัณฑ์เเอคโค่|other|พิพิธภัณฑ์
54812|วัดพุทธมงคล|other|สถานที่เกี่ยวกับศาสนา
30129|วัดเนินสุทธาวาส|วัด|สถานที่เกี่ยวกับศาสนา
1969|มัสยิดปูตรา|มัสยิด|สถานที่เกี่ยวกับศาสนา
24379|วัดบุญเรืองสุวรรณาราม|วัด|สถานที่เกี่ยวกับศาสนา
26073|ปารีเซี่ยน|other|other
154091|Seongsan Ilchulbong|ยอดเขา|ธรรมชาติและสถานที่สวยงาม
29764|ธัญรัต ซีฟู้ด|ภัตตาคารอาหารทะเล|ตลาดแหล่งชุมชน
75701|วัดช่องแสมสาร|other|สถานที่เกี่ยวกับศาสนา
8197|ศูนย์วิปัสสนาไร่เชิญตะวัน (ว.วชิรเมธี)|ศูนย์ฝึกสมาธิ|สถานที่เกี่ยวกับศาสนา
3633|วัดพระบาทภูพานคำ|วัด|สถานที่เกี่ยวกับศาสนา
6646|วัดสระศรี|วัด|สถานที่เกี่ยวกับศาสนา
26599|วัดประสิทธิเวช|วัด|สถานที่เกี่ยวกับศาสนา
22019|อาคารหอดูดาวและที่วัดอุณหภูมิ|other|สถานที่เกี่ยวกับศาสนา
54252|ร้านเจ๊ไฝ Michelin star restaurant|ภัตตาคารอาหารไทย|other
12439|Cloud Forest|other|other
95395|ม่อนกุเวร อุทยานมหาราชท้าวเวสสุวรรณ จันทมงคลสถาน|สถานที่บูชาทางศาสนา|สถานที่เกี่ยวกับศาสนา
23032|Rancho Charnvee Resort and Country Club|other|other
31254|วัดป่าห้วยกุ่ม at เกษตรสมบูรณ์ ชัยภูมิ|วัด|สถานที่เกี่ยวกับศาสนา
45280|ศาลหลักเมือง จังหวัดอุบลราชธานี|ศาลหลักเมือง|แลนด์มาร์กและอนุสรณ์สถาน
11186|Khao Chong Krachok|other|แลนด์มาร์กและอนุสรณ์สถาน
54958|The Riverie by Katathani Chiang Rai|other|other
24676|วัดบางปิ้ง จังหวัดสมุทรปราการ|วัด|สถานที่เกี่ยวกับศาสนา
8569|วัดมหาพุทธาราม (วัดพระโต)|other|สถานที่เกี่ยวกับศาสนา
4490|Doubleshot X Khonkaen|ร้านกาแฟ|ตลาดแหล่งชุมชน
46774|คลังนาปลาข้าว|ร้านอาหาร|ตลาดแหล่งชุมชน
24474|Angsana Laguna|other|other
54490|วัดมหาชัย หนองบัวลำภู|วัด|สถานที่เกี่ยวกับศาสนา
18576|Rasta View|ร้านอาหาร|ตลาดแหล่งชุมชน
3503|วัดพระธาตุแช่แห้ง พระอารามหลวง|วัด|สถานที่เกี่ยวกับศาสนา
841|โตเกียวดิสนีย์แลนด์|other|ตลาดแหล่งชุมชน
53672|ปราสาทบายน|วัด|สถานที่เกี่ยวกับศาสนา
11233|อำเภอเกาะสมุย|other|other
4729|ซุปเปอร์ติ่มซำ ภูเก็ต|ร้านอาหาร|ตลาดแหล่งชุมชน
40928|จุฬาลงกรณ์มหาวิทยาลัย|other|other
86060|วัดเทสก์ธรรมนาวา (วัดท่าไทร)|วัด|สถานที่เกี่ยวกับศาสนา
11402|พระพุทธมิ่งเมือง|สถานที่ท่องเที่ยว|ธรรมชาติและสถานที่สวยงาม
161|องค์พระปฐมเจดีย์|เจดีย์|สถานที่เกี่ยวกับศาสนา
90581|วัดบึงลัฏฐิวัน|วัด|สถานที่เกี่ยวกับศาสนา
57397|สะพานซูตองเป้|สถานที่ท่องเที่ยว|ธรรมชาติและสถานที่สวยงาม
8310|ไม้•บ้าน|ร้านกาแฟ|ตลาดแหล่งชุมชน
44731|ศาลเจ้าแม่สองนาง|other|แลนด์มาร์กและอนุสรณ์สถาน
30750|เเดนเทวดา|สถานที่ท่องเที่ยว|ธรรมชาติและสถานที่สวยงาม
27668|วัดเฉลิมพระเกียรติวรวิหาร|วัด|สถานที่เกี่ยวกับศาสนา
6807|วัดหินแท่นลำภาชี|วัด|สถานที่เกี่ยวกับศาสนา
47814|วิหารแก้ว ๑๐๐ เมตร (วัดท่าซุง)|สถานที่บูชาทางศาสนา|สถานที่เกี่ยวกับศาสนา
23170|พิพิธภัณฑ์เด็กกรุงเทพมหานคร แห่งที่ 1 (จตุจักร)|พิพิธภัณฑ์เด็ก|พิพิธภัณฑ์
46797|Bobbie BROWN ร้านปิ้งย่างสไตล์ญี่ปุ่น|ร้านอาหาร|ตลาดแหล่งชุมชน
23375|วัดพระธาตุจอมกิตติ|วัด|สถานที่เกี่ยวกับศาสนา
4126|พิพิธภัณฑ์ธรรมชาติวิทยา อพ.สธ. มหาวิทยาลัยขอนแก่น|พิพิธภัณฑ์|พิพิธภัณฑ์
22086|วัดป่าประดู่ พระอารามหลวง จ.ระยอง|วัด|สถานที่เกี่ยวกับศาสนา
330|วัดหนองโพ (หลวงพ่อเดิม)|other|สถานที่เกี่ยวกับศาสนา
11611|ตลาดสด เซฟวัน พลาซ่า|ตลาดกลางคืน|ตลาดแหล่งชุมชน
5786|เจดีย์องค์พระธาตุช่อแฮ จ.แพร่|other|สถานที่เกี่ยวกับศาสนา
2285|Bruce Coffee|ร้านกาแฟ|ตลาดแหล่งชุมชน
6453|วัดศรีอุทุมพร|วัด|สถานที่เกี่ยวกับศาสนา
2158|เดอะมอลล์ งามวงศ์วาน|other|ตลาดแหล่งชุมชน
19068|วัดกุฎีดาว|สถานที่สำคัญทางประวัติศาสตร์|สถานที่เกี่ยวกับศาสนา
8075|วัดเกตการาม|other|สถานที่เกี่ยวกับศาสนา
13378|วัดขุนอินทประมูล|วัด|สถานที่เกี่ยวกับศาสนา
3806|วัดแสงธรรมวังเขาเขียว|สถานที่ประกอบพิธีกรรมทางศาสนา|สถานที่เกี่ยวกับศาสนา
22233|Let's Get Together Udonthani|ร้านอาหาร|ตลาดแหล่งชุมชน
19636|วัดพิชยญาติการามวรวิหาร|วัด|สถานที่เกี่ยวกับศาสนา
47145|ร้านซันชาบู|ร้านอาหารชาบูชาบู|other
54867|วัดพระสิงห์ พระอารามหลวง เชียงราย|วัด|สถานที่เกี่ยวกับศาสนา
19082|อนุสาวรีย์เจ้าพ่อพญาแล|สถานที่สำคัญทางประวัติศาสตร์|สถานที่เกี่ยวกับศาสนา
8641|ชะตา ธรรมชาติ|ร้านกาแฟ|ตลาดแหล่งชุมชน
3585|จุดชมวิว ภูป่าเปาะ (จุดที่ 3)|กรมส่งเสริมการท่องเที่ยวในท้องถิ่น|ธรรมชาติและสถานที่สวยงาม
38028|ศรีปากประ|other|other
29390|จุดชมวิวสะพานเลียบชายทะเลชลบุรี|จุดชมวิว|แลนด์มาร์กและอนุสรณ์สถาน
2002|วัดธาตุหลวงใต้|วัด|สถานที่เกี่ยวกับศาสนา
39122|อุดรกระจกรถยนต์ ( กระจกรถยนต์ ติดฟิล์มรถยนต์ เคลือบแก้ว GPS )|other|other
5203|วัดพระป้าน (วัดพระนอนแม่ปูคา)|วัด|สถานที่เกี่ยวกับศาสนา
3734|อุทยานประวัติศาสตร์ภูพระบาท|สถานที่สำคัญทางประวัติศาสตร์|สถานที่เกี่ยวกับศาสนา
30428|Paragon Cineplex|โรงภาพยนตร์|ตลาดแหล่งชุมชน
10806|อุทยานมกุฏรมยสราญ|สวนสาธารณะ|ศิลปะวัฒนธรรมชุมชน
11220|อุทยานแห่งชาติน้ำตกแม่สุรินทร์|อุทยานแห่งชาติ|ธรรมชาติและสถานที่สวยงาม
47235|Us cafe - อัส คาเฟ่|ร้านกาแฟ|ตลาดแหล่งชุมชน
36100|German Bakery|ภัตตาคารอาหารเยอรมัน|other
34812|วัดป่าแก้วชุมพล (พระอาจารย์สิงห์ทอง)|วัด|สถานที่เกี่ยวกับศาสนา
17326|วัดพระพุทธบาทห้วยต้ม|วัด|สถานที่เกี่ยวกับศาสนา
8222|ภูเมฆตะวัน รีสอร์ท|other|other
10660|เฮือนภูคา|ร้านอาหาร|ตลาดแหล่งชุมชน
76048|SOP cafe|ร้านกาแฟ|ตลาดแหล่งชุมชน
51128|อุทยานแห่งชาติภูชี้ฟ้า|ยอดเขา|ธรรมชาติและสถานที่สวยงาม
25784|ร้านส้มตำพันลำ|ร้านอาหาร|ตลาดแหล่งชุมชน
17639|หุบเขาไดโนเสาร์|สวนสนุก|ศิลปะวัฒนธรรมชุมชน
50998|ศาลเจ้าพ่อหลักเมืองตราด|ศาลหลักเมือง|แลนด์มาร์กและอนุสรณ์สถาน
14536|แจ่วชาบู|other|other
22244|Amman Unique Hotel Udon Thani|other|other
5972|โรงแรมศิวิไลซ์|other|other
16695|วัดพันเตา|วัด|สถานที่เกี่ยวกับศาสนา
3010|สวนสาธารณะบุ่งตาหลัว|สวนสาธารณะของเมือง|ตลาดแหล่งชุมชน
19019|จุดชมวิวหินช้างสี|จุดชมวิว|แลนด์มาร์กและอนุสรณ์สถาน
2980|วัดถ้ำศรีมงคล|วัด|สถานที่เกี่ยวกับศาสนา
3019|วัดรอยพระพุทธบาทภูมโนรมย์|วัด|สถานที่เกี่ยวกับศาสนา
2127|มูลนิธิหลวงพ่อโตสรพงษ์|สถานที่บูชาทางศาสนา|สถานที่เกี่ยวกับศาสนา
24880|วัดโกรกกราก|วัด|สถานที่เกี่ยวกับศาสนา
413|วัดร่องเสือเต้น|วัด|สถานที่เกี่ยวกับศาสนา
19930|เอสบาร์บีคิว สาขาขอนแก่น|ร้านอาหาร|ตลาดแหล่งชุมชน
30102|เวียงคำน้ำปั่น|ร้านกาแฟ|ตลาดแหล่งชุมชน
77900|อาคารศูนย์บริการนักท่องเที่ยวผาชะนะได|อุทยานแห่งชาติ|ธรรมชาติและสถานที่สวยงาม
25954|ศูนย์ศึกษาการพัฒนาภูพานอันเนื่องมาจากพระราชดำริ|ศูนย์ฝึกอบรม|พิพิธภัณฑ์
30476|จุ๋มจิ๋ม ข้าวมันไก่|ภัตตาคารอาหารประเภทไก่|other
45225|อุโมงค์ปิยะมิตร|พิพิธภัณฑ์|พิพิธภัณฑ์
41354|ฮะจิบัง ราเมน โลตัส พระราม 3|ร้านอาหารราเมน|other
497|วัดช่องลม พระอารามหลวง ราชบุรี|วัด|สถานที่เกี่ยวกับศาสนา
76838|ภัทรวดีขนมไทยอาหาร|ร้านขนมหวาน|other
16376|มาสด้าเภตรา • บางพูน|ตัวแทนจำหน่ายรถมาสด้า|other
49849|เจ้กับเฮีย เกาเหลาเซี่ยงจี้ เจ้าเก่าสำเหร่|ร้านอาหาร|ตลาดแหล่งชุมชน
3041|ข้าวเปียกเมืองเลยลานชัย|other|other
90265|Café Amazon@ ปตท.เสาสูง บ่อวิน|ร้านกาแฟ|ตลาดแหล่งชุมชน
45214|อุโมงค์เบตงมงคลฤทธิ์|อุโมงค์|แลนด์มาร์กและอนุสรณ์สถาน
48556|โรงแรม ไอซาน่า โคราช|other|other
47735|Cake Lamoon Coffee Roaster|ร้านกาแฟ|ตลาดแหล่งชุมชน
34904|พุงโตคาเฟ่​บ้านผือ|ร้านอาหาร|ตลาดแหล่งชุมชน
57064|ส้มตำซาดิส|ร้านอาหาร|ตลาดแหล่งชุมชน
38378|ไมด้า รีสอร์ท กาญจนบุรี|other|other
43597|สวนอาหารชลธาร|other|ศิลปะวัฒนธรรมชุมชน
25562|สระแก้ว|other|other
17621|Railay Beach|ชายหาด|ธรรมชาติและสถานที่สวยงาม
4960|ถ้ำผานางคอย|สถานที่ท่องเที่ยว|ธรรมชาติและสถานที่สวยงาม
5721|ท่าเรือวิสิษฐ์พันวา|ท่าจอดเรือท่องเที่ยว|other
66420|ป้ายหนุ่มกูลิโกะ|หลักฐาน|แลนด์มาร์กและอนุสรณ์สถาน
22213|เตี๋ยวเรือล้านช้าง|other|other
26481|ก๋วยเตี๋ยวหมูโบราณ อุดรธานี|ร้านอาหาร|ตลาดแหล่งชุมชน
39405|วัดศรีเกิด|other|สถานที่เกี่ยวกับศาสนา
66953|อาคารสินธร|สำนักงานของบริษัท|other
50821|Pha Suk Nirun ผาสุขนิรันดร์|จุดชมวิว|แลนด์มาร์กและอนุสรณ์สถาน
39279|วัดป่าศรีถาวรนิมิต|วัด|สถานที่เกี่ยวกับศาสนา
83700|โรงพยาบาลเทียนฟ้ามูลนิธิ|other|other
91202|ลาบเป็ดบ้านเชียง|ร้านอาหาร|ตลาดแหล่งชุมชน
12811|สะพานซิดนีย์ฮาร์เบอร์|สะพาน|แลนด์มาร์กและอนุสรณ์สถาน
2091|ร้านยิ้มโภชนาซีฟู๊ด ชุมพร|ภัตตาคารอาหารไทย|other
21315|วัดหลวงปู่มั่น|วัด|สถานที่เกี่ยวกับศาสนา
11623|Indiego Space|other|other
51582|DETAiL Car Clean & Coffee Big C หนองคาย|ร้านกาแฟ|ตลาดแหล่งชุมชน
85021|River Curve Khao-Yai restaurant & cafe|ร้านอาหาร|ตลาดแหล่งชุมชน
62213|โชว์โลมาภูเก็ต|สถานที่ท่องเที่ยว|ธรรมชาติและสถานที่สวยงาม
106411|PLAIFAH RESORT UBON ปลายฟ้ารีสอร์ท สามพันโบก|other|other
17000|Wat Na Phra Men - วัดหน้าพระเมรุ|other|สถานที่เกี่ยวกับศาสนา
9825|ภัตตาคารอาหารญี่ปุ่นฟูจิ โลตัส พระราม 3|ภัตตาคารอาหารญี่ปุ่น|other
105124|วัดทรงธรรมวรวิหาร|วัด|สถานที่เกี่ยวกับศาสนา
21934|Hội An Night Market|ตลาดกลางคืน|ตลาดแหล่งชุมชน
63116|วัดป่าโนนแพง|other|สถานที่เกี่ยวกับศาสนา
15251|ถนนลอยฟ้า หล่มเก่า-ภูหลวง|สถานที่ท่องเที่ยว|ธรรมชาติและสถานที่สวยงาม
22234|ร้านเสี่ยวรำพึง|ร้านอาหาร|ตลาดแหล่งชุมชน
23133|S&P บางพลี กม.23 まい泉|タイ料理店|other
13710|กระท่อมปลายนา|ร้านอาหาร|ตลาดแหล่งชุมชน
5674|หอไข่มุกตะวันออก|สถานที่ท่องเที่ยว|ธรรมชาติและสถานที่สวยงาม
80766|หอนาฬิกาบ้านโป่ง|สถานที่สำคัญทางประวัติศาสตร์|สถานที่เกี่ยวกับศาสนา
2975|เชอราตัน หัวหิน รีสอร์ทแอนด์สปา|other|other
31624|ปราสาท ตาพรหม|โบสถ์ของศาสนาฮินดู|สถานที่เกี่ยวกับศาสนา
36276|โรงแรม แคนทารี โคราช|other|other
14663|Merlion Park|สถานที่ท่องเที่ยว|ธรรมชาติและสถานที่สวยงาม
303|วัดพระธาตุศรีจอมทองวรวิหาร|วัด|สถานที่เกี่ยวกับศาสนา
4614|แหลมพรหมเทพ|สถานที่ท่องเที่ยว|ธรรมชาติและสถานที่สวยงาม
2136|ดอยอินทนนท์จุดสูงสุดในสยาม|other|แลนด์มาร์กและอนุสรณ์สถาน
38814|วัดป่านาคำน้อย|other|สถานที่เกี่ยวกับศาสนา
9685|วัดโฆสิตาราม (หลวงพ่อกวย)|วัด|สถานที่เกี่ยวกับศาสนา
27491|วัดป่าพุทธคยา|other|สถานที่เกี่ยวกับศาสนา
49344|สะกงสเก็ต คาฟงคาเฟ่|ร้านกาแฟ|ตลาดแหล่งชุมชน
97961|ศาลากลางจังหวัดอุบลราชธานี|ศาลากลาง|other
22866|เอาฟ์แดร์เอา เรสเทอรองต์ บิสโตร|ร้านอาหาร|ตลาดแหล่งชุมชน
48696|Young Folk Bean & Brew|ร้านกาแฟ|ตลาดแหล่งชุมชน
9466|การไฟฟ้าส่วนภูมิภาคจังหวัดเชียงใหม่|other|สถานที่เกี่ยวกับศาสนา
41096|ตลาดน้ำปีกกา-หลวงพ่อปานองค์ใหญ่|ตลาดน้ำ|ตลาดแหล่งชุมชน
20350|โรงงานซีพีเอฟ ธุรกิจอาหารสำเร็จรูป สระบุรี|ผู้ผลิต|other
165693|เพ็ญจันทร์ โภชนา|ร้านอาหาร|ตลาดแหล่งชุมชน
49360|Jungfraujoch|other|other
110899|ที่ทำการอุทยานแห่งชาติดอยจง|อุทยานแห่งชาติ|ธรรมชาติและสถานที่สวยงาม
89917|ตลาดผลไม้(ของฝาก)กลางดง|other|ตลาดแหล่งชุมชน
105180|ท่ารถตู้สถาบันเทคโนฯ พระจอมเกล้าฯ ลาดกระบัง|บริการการขนส่ง|other
12268|ร้านลาบอุดร|other|other
136981|PTT Jiffy big and chic station|สถานีบริการน้ำมัน|other
49261|อั่งตี๋ คอฟฟี่|ร้านกาแฟ|ตลาดแหล่งชุมชน
11430|MSIG Insurance (Thailand) PCL|other|other
110944|เจดีย์กองข้าวศรีบุญเนาว์|สถานที่บูชาทางศาสนา|สถานที่เกี่ยวกับศาสนา
162340|โลตัสเอ็กเพรส ทรายขาว|other|other
49117|วัดป่าเลิศธรรมนิมิต|ศูนย์ฝึกสมาธิ|สถานที่เกี่ยวกับศาสนา
21964|จุดขึ้นชมถ้ำนาคาและน้ำตกตาดวิมานทิพย์|other|ธรรมชาติและสถานที่สวยงาม
89908|Inna Cafe|ร้านกาแฟ|ตลาดแหล่งชุมชน
115773|กลุ่มมัดย้อมสีธรรมชาติบ้านคีรีวง|ร้านกิฟต์ชอป|ศิลปะวัฒนธรรมชุมชน
49290|Peter and Paul Cathedral|อาสนวิหาร|สถานที่เกี่ยวกับศาสนา
112898|CHAR Bangkok|บาร์ & กริลล์|other
171449|สถานคุ้มครองและพัฒนาคนพิการบ้านนนทภูมิ จังหวัดนนทบุรี|สถานสงเคราะห์|other
27545|Chengdu Research Base of Giant Panda Breeding|สถานที่ท่องเที่ยว|ธรรมชาติและสถานที่สวยงาม
90020|Chop Steak19|other|other
79665|บ้านคุณพระ - Baan Kun Pra|other|other
27528|หอไตรกลางน้ำ|วัด|สถานที่เกี่ยวกับศาสนา
162577|ป้าณีก๋วยเตี๋ยวหลังวัด(บ่อหิน)|ร้านอาหาร|ตลาดแหล่งชุมชน
115502|น้ำตกชิราอิโตะ|จุดชมวิว|แลนด์มาร์กและอนุสรณ์สถาน
5624|สถาบันวิทยสิริเมธี|มหาวิทยาลัย|other
41214|Cheevit Cheeva in​ Nim C​ity​ Daily​|ร้านกาแฟ|ตลาดแหล่งชุมชน
90545|ศรัญญา รีสอร์ท หนองคาย|รีสอร์ท|other
51437|โลตัส โกเฟรช บ้านแลง|other|other
41477|บ้านลิตา (Baan Lita) @ พิมาย|other|other
113705|วัดโพธิญาณ พิษณุโลก|วัด|สถานที่เกี่ยวกับศาสนา
144394|ดำเนินพวา รีสอร์ท บ้านต้นไม้|other|other
39430|ร้านหนังสือริมขอบฟ้า|ร้านหนังสือ|ตลาดแหล่งชุมชน
22846|ห้างหุ้นส่วนจำกัด ส.ทวีภัณฑ์สโตร์|ผู้จำหน่ายวัสดุขัดสี|other
78414|วัดขัวแคร่|other|สถานที่เกี่ยวกับศาสนา
113489|พิพิธภัณฑ์โฮงหลวงแสงแก้ว|พิพิธภัณฑ์มรดกทางวัฒนธรรม|พิพิธภัณฑ์
113451|พิธานพาณิชย์ โตโยต้า สาขารามอินทรา - Phithan Toyota Ramintra|other|other
47979|วัดสระแก้ว จ.อ่างทอง|other|สถานที่เกี่ยวกับศาสนา
75488|เขาขนาบน้ำ|สถานที่ท่องเที่ยว|ธรรมชาติและสถานที่สวยงาม
21278|บ้านเบเกอรี่ Baanbakery|other|other
21292|ข้าวเปียกยายทูร|ภัตตาคารอาหารไทย|other
21306|ตำเลย ณ.อุดร|other|other
51580|ร้านก๋วยเตี๋ยวเรือรุ่งโรจน์|ร้านอาหาร|ตลาดแหล่งชุมชน
50254|Lijiang Railway Station Square|สถานที่ท่องเที่ยว|ธรรมชาติและสถานที่สวยงาม
41420|อาโอะรินโกะ|ร้านข้าวแกงญี่ปุ่น|other
113379|The sky tea room nan|ร้านน้ำชา|ตลาดแหล่งชุมชน
130714|เจ๊นานาซีฟู๊ด (บางขุนเทียน กทม)|ภัตตาคารอาหารทะเล|ตลาดแหล่งชุมชน
50871|ร้าน ส้มตำวันฮุ่ง|ภัตตาคารอาหารไทย|other
135399|สิริสาส์น เครื่องเขียนโคราช|other|other
114774|Nan Native ,Kew Muang by Chef First|ร้านอาหาร|ตลาดแหล่งชุมชน
105148|Triple 4 Café - ทริปเปิ้ลโฟร์ คาเฟ่|ร้านกาแฟ|ตลาดแหล่งชุมชน
163314|วัดสรรพยาวัฒนาราม|วัด|สถานที่เกี่ยวกับศาสนา
137235|ดอยตุงวิวรีสอร์ท|other|other
114621|นู้ดเดิ้ลบีฟ|ร้านก๋วยเตี๋ยว|other
102993|อาเล็กก๋วยเตี๋ยวเป็ด|ร้านอาหาร|ตลาดแหล่งชุมชน
41703|ไส้อั่วยายปี๋|ผู้ผลิตและจำหน่ายอาหาร|other
8820|Sorrento|ร้านอาหารอิตาเลียน|other
114527|Fujiten Snow Resort|รีสอร์ตสกี|other
104923|วัดป่าบ้านใหม่|วัด|สถานที่เกี่ยวกับศาสนา
103143|ร้านคลังนานาธรรม (เครื่องพระสังฆภัณฑ์ หนังสืออีสานและวัฒนธรรม )|ร้านค้า|ตลาดแหล่งชุมชน
47816|ลานกางเต๊นท์ ภูกระดึง|พื้นที่ตั้งแคมป์|ตลาดแหล่งชุมชน
51035|Nissan นิสสันศรีราชา|บริการพนักงานขับรถ|other
88305|น้ำตกไนแอการา|other|ธรรมชาติและสถานที่สวยงาม
50991|ครัวพริกแกง ราชบุรี|ร้านอาหาร|ตลาดแหล่งชุมชน
47923|วัดท่าลี่ศรีสะอาด|วัด|สถานที่เกี่ยวกับศาสนา
111430|KFC ปตท.บ้านโป่ง|อาหารฟาสต์ฟูด|other
38741|บ้านอิศรา 2 อุดรธานี ISSARA|โครงการที่อยู่อาศัย|other
78626|โกนขแมร์ แหนมเนือง สุรินทร์|ร้านอาหาร|ตลาดแหล่งชุมชน
78210|สำนักสงฆ์ดอยเทพนิมิต (ธ)|วัด|สถานที่เกี่ยวกับศาสนา
163320|วัดแก้วเจริญ|other|สถานที่เกี่ยวกับศาสนา
51775|สมเกียรติ ปลาเผาอบชานอ้อย|ร้านอาหาร|ตลาดแหล่งชุมชน
162188|สถานีลาดกระบัง|other|other
135173|ก๋วยเตี๋ยวเรือโบราณ จัดจ้าน แซ่บซี๊ด|ร้านก๋วยเตี๋ยว|other
76302|ถ้ำคูหาสวรรค์|วัด|สถานที่เกี่ยวกับศาสนา
113191|คลาแรงส์ เซ็นทรัลพระราม3|ร้านเครื่องสำอาง|other
113175|โรงเรียนดอนบอสโกวิทยา|โรงเรียน|other
48385|ปตท.บ้านแพ้ว กม.3|สถานีบริการน้ำมัน|other
181792|วัดป่ารัตนมงคล|วัด|สถานที่เกี่ยวกับศาสนา
162112|หอดูดาวเฉลิมพระเกียรติ 7 รอบพระชนมพรรษา นครราชสีมา|พิพิธภัณฑ์วิทยาศาสตร์|พิพิธภัณฑ์
181771|วัดเขาถ้ำม้าร้อง|วัด|สถานที่เกี่ยวกับศาสนา
51701|สะพานทุ่งนาน้อยเขาหล่น|other|ศิลปะวัฒนธรรมชุมชน
181996|ร้านเบญเยี่ยม|ร้านอาหาร|ตลาดแหล่งชุมชน
41297|โรงพยาบาลราชวิถี|other|other
51717|Phra Chudadhuj Palace Museum พิพิธภัณฑ์พระจุฑาธุชราชฐาน|other|พิพิธภัณฑ์
77957|ร้าน Coffee House เหล้า|ร้านอาหาร|ตลาดแหล่งชุมชน
162893|เทพอินทร์แดงรีสอร์ท 1|รีสอร์ท|other
